price,vat_included,year,mileage,location,url,make,name,supplier,VehicleType
,,,,Екатеринбург,,,,ClassTrucks,
,,,,Москва,,,,ClassTrucks,
,,,,Екатеринбург,,,,ClassTrucks,
,Цена с НДС,,299000,Люберцы,,,,ТРАК ПЛАТФОРМА,
,,,199000,Люберцы,,,,ТРАК ПЛАТФОРМА,
,,,190000,Москва,,,,ГРУЗОВИК-24,
,,,299000,Люберцы,,,,ТРАК ПЛАТФОРМА,
,,,299000,Люберцы,,,,ТРАК ПЛАТФОРМА,
,,,560000,Дубровки,,,,Триера Трак,
,,,64534,Балашиха,,,,Альфа-Лизинг Москва,
,,,200000,Чёрная Грязь,,,,M7 TRUCK Москва,
,,,500000,Москва,,,,ГРУЗОВИК-24,
,Цена с НДС,,120000,Домодедово,,,,СТТ-АВТО,
,Цена с НДС,,300000,Солнечногорск,,,,АЙС КУБ,
,,,,Домодедово,,,,СТТ-АВТО,
,,,250000,Москва,,,,ГРУЗОВИК-24,
,,,50000,Кимовск,,,,Юнион КРОНЕ Кимовск,
,,,50,Кимовск,,,,Юнион КРОНЕ Кимовск,
,Цена с НДС,,400000,Домодедово,,,,"ООО""Трейд Моторс",
,,,400000,Домодедово,,,,"ООО""Трейд Моторс",
,,,600000,Домодедово,,,,"ООО""Трейд Моторс",
,,,630000,Домодедово,,,,СТТ-АВТО,
,Цена с НДС,,,Москва,,,,GROSS AUTO,
,Цена с НДС,,,Москва,,,,GROSS AUTO,
,Цена с НДС,,100000,Новосибирск,,,,СибТракСкан,
,,,500000,Москва,,,,ГРУЗОВИК-24,
,,,450000,Авдон,,,,M7 TRUCK Уфа,
,,,450000,Авдон,,,,M7 TRUCK Уфа,
,,,800000,Авдон,,,,M7 TRUCK Уфа,
,,,600000,Авдон,,,,M7 TRUCK Уфа,
,,,,Новосибирск,,,,СибТракСкан,
,,,,Химки,,,,КРОНЕ СканБалт,
,Цена с НДС,,,Хабаровск,,,,Балтийский лизинг Санкт-Петербург,
,Цена с НДС,,,Хабаровск,,,,Балтийский лизинг Санкт-Петербург,
,,,200000,Чёрная Грязь,,,,M7 TRUCK Москва,
,,,200000,Москва,,,,M7 TRUCK Москва Юг,
,Цена с НДС,,,Москва,,,,Глобал Трак Сейлс Москва,
,Цена с НДС,,,Екатеринбург,,,,Global Truck Sales Екатеринбург,
,Цена с НДС,,,,,,,ПОЛУПРИЦЕП.РФ,
,,,200000,Москва,,,,M7 TRUCK Москва Юг,
,,,200000,Чёрная Грязь,,,,M7 TRUCK Москва,
,,,5000,Чёрная Грязь,,,,M7 TRUCK Москва,
,,,200000,Москва,,,,M7 TRUCK Москва Юг,
,,,,Москва,,,,ClassTrucks,
,,,,Тосно,,,,ClassTrucks,
,,,,Екатеринбург,,,,ClassTrucks,
,,,,Екатеринбург,,,,ClassTrucks,
,Цена с НДС,,,Москва,,,,КАРКОМ СЕРВИС,
,,,,Москва,,,,ClassTrucks,
,,,,Москва,,,,ClassTrucks,
,,,,Екатеринбург,,,,ClassTrucks,
,,,,Москва,,,,ClassTrucks,
,,,,Тосно,,,,ClassTrucks,
,,,,Москва,,,,ClassTrucks,
,Цена с НДС,,,Москва,,,,КАРКОМ СЕРВИС,
,,,,Москва,,,,ClassTrucks,
,,,,Москва,,,,ClassTrucks,
,,,,Москва,,,,ClassTrucks,
,,,,Москва,,,,ClassTrucks,
,,,,Екатеринбург,,,,ClassTrucks,
,,,,Тосно,,,,ClassTrucks,
,,,,Москва,,,,ClassTrucks,
,,,,Москва,,,,ClassTrucks,
,,,200000,Москва,,,,M7 TRUCK Москва Юг,
,Цена с НДС,,,Москва,,,,КАРКОМ СЕРВИС,
,,,200000,Москва,,,,M7 TRUCK Москва Юг,
,,,200000,Москва,,,,M7 TRUCK Москва Юг,
,,,200000,Москва,,,,M7 TRUCK Москва Юг,
,,,20000,Москва,,,,M7 TRUCK Москва Юг,
,,,550000,Москва,,,,ГРУЗОВИК-24,
,,,450000,Авдон,,,,M7 TRUCK Уфа,
,,,500000,Москва,,,,Автосалон на Дорожном,
,Цена с НДС,,,Москва,,,,КАРКОМ СЕРВИС,
,,,500000,Мытищи,,,,КОМДОРАВТО,
,,,1000000,Авдон,,,,M7 TRUCK Уфа,
,Цена с НДС,,40000,Казань,,,,ЗилантМоторс,
,Цена с НДС,,400000,Москва,,,,EL TRUCKS,
,Цена с НДС,,300,Москва,,,,EL TRUCKS,
,Цена с НДС,,450000,Домодедово,,,,СТТ-АВТО,
,Цена с НДС,,245000,Домодедово,,,,СТТ-АВТО,
,Цена с НДС,,50000,Москва,,,,Группа ГРАССМАНН и ЛОМТЕВ,
,Цена с НДС,,160000,Москва,,,,Группа ГРАССМАНН и ЛОМТЕВ,
,Цена с НДС,,600000,Солнечногорск,,,,АЙС КУБ,
,,,163000,Москва,,,,Группа ГРАССМАНН и ЛОМТЕВ,
,Цена с НДС,,81000,Москва,,,,Группа ГРАССМАНН и ЛОМТЕВ,
,Цена с НДС,,600000,Набережные Челны,,,,ЛИДЕРТРАНС,
,,,,Новосибирск,,,,СибТракСкан,
,,,500000,Новосибирск,,,,СибТракСкан,
,,,12000,Новосибирск,,,,СибТракСкан,
,,,,Новосибирск,,,,СибТракСкан,
,,,100000,Нижний Новгород,,,,M7 TRUCK Нижний Новгород,
,,,299000,Люберцы,,,,ТРАК ПЛАТФОРМА,
,,,499000,Люберцы,,,,ТРАК ПЛАТФОРМА,
,Цена с НДС,,,,,,,Камион,
,Цена с НДС,,,Москва,,,,Глобал Трак Сейлс Москва,
,,,,,,,,BS-Truck,
,Цена с НДС,,700000,Набережные Челны,,,,ЛИДЕРТРАНС,
,Цена с НДС,,450000,Набережные Челны,,,,ЛИДЕРТРАНС,
,Цена с НДС,,,Новосибирск,,,,СибТракСкан,
,Цена с НДС,,,Новосибирск,,,,СибТракСкан,
,Цена с НДС,,,Новосибирск,,,,СибТракСкан,
,,,5000,Чёрная Грязь,,,,M7 TRUCK Москва,
,,,,Екатеринбург,,,,ClassTrucks,
,,,,Тосно,,,,ClassTrucks,
,,,200000,Чёрная Грязь,,,,M7 TRUCK Москва,
,,,,Москва,,,,ClassTrucks,
,,,,Москва,,,,КАРКОМ СЕРВИС,
,Цена с НДС,,,Москва,,,,КАРКОМ СЕРВИС,
,,,200000,Чёрная Грязь,,,,M7 TRUCK Москва,
,,,100000,Москва,,,,M7 TRUCK Москва Юг,
,,,50000,Санкт-Петербург,,,,M7 TRUCK Санкт-Петербург,
,,,,Москва,,,,GROSS AUTO,
,,,,Москва,,,,ГРУЗ СОЮЗ,
,,,,Москва,,,,ГРУЗ СОЮЗ,
,Цена с НДС,,,Старый Оскол,,,,ИП Клейменов С.Н.,
,Цена с НДС,,,Москва,,,,Глобал Трак Сейлс Москва,
,Цена с НДС,,,Екатеринбург,,,,Global Truck Sales Екатеринбург,
,,,5000,Чёрная Грязь,,,,M7 TRUCK Москва,
,,,1154000,Можайск,,,,,
,,,600000,Санкт-Петербург,,,,M7 TRUCK Санкт-Петербург,
,,,200000,Санкт-Петербург,,,,M7 TRUCK Санкт-Петербург,
,,,50000,Чёрная Грязь,,,,M7 TRUCK Москва,
,,,2000,Чёрная Грязь,,,,M7 TRUCK Москва,
,,,703000,Москва,,,,АГТ-Трейдинг,
,Цена с НДС,,100000,Солнечногорск,,,,ТРАНСАЛЬЯНС Москва,
,,,600000,Новониколаевский,,,,M7 TRUCK Казань,
,Цена с НДС,,,Химки,,,,КРОНЕ СканБалт,
,Цена с НДС,,,Екатеринбург,,,,Global Truck Sales Екатеринбург,
,,,,Москва,,,,Глобал Трак Сейлс Москва,
,,,450000,Набережные Челны,,,,M7 TRUCK Набережные Челны,
,,,450000,Набережные Челны,,,,M7 TRUCK Набережные Челны,
,Цена с НДС,,530000,Барнаул,,,,SAEM-truck,
,Цена с НДС,,,Москва,,,,БорнТракСервис,
,Цена с НДС,,700000,Солнечногорск,,,,ТРАНСАЛЬЯНС Москва,
,Цена с НДС,,,Москва,,,,КАРКОМ СЕРВИС,
,Цена с НДС,,,Москва,,,,КАРКОМ СЕРВИС,
,Цена с НДС,,,Москва,,,,КАРКОМ СЕРВИС,
,,,500000,Набережные Челны,,,,,
,,,500000,Набережные Челны,,,,,
,,,600000,Новониколаевский,,,,M7 TRUCK Казань,
,,,350000,,,,,M7 TRUCK Казань,
,,,600000,Набережные Челны,,,,M7 TRUCK Набережные Челны,
,,,950000,Набережные Челны,,,,M7 TRUCK Набережные Челны,
,,,400000,,,,,M7 TRUCK Набережные Челны,
,,,600000,Набережные Челны,,,,M7 TRUCK Набережные Челны,
,,,800000,,,,,M7 TRUCK Казань,
,,,450000,Набережные Челны,,,,M7 TRUCK Набережные Челны,
,,,450000,Набережные Челны,,,,M7 TRUCK Набережные Челны,
,,,600000,Набережные Челны,,,,M7 TRUCK Набережные Челны,
,,,600000,,,,,M7 TRUCK Казань,
,,,700000,Набережные Челны,,,,M7 TRUCK Набережные Челны,
,,,500000,,,,,M7 TRUCK Набережные Челны,
,,,350000,,,,,M7 TRUCK Казань,
,,,600000,Новониколаевский,,,,M7 TRUCK Казань,
,,,600000,Набережные Челны,,,,M7 TRUCK Набережные Челны,
,,,600000,,,,,M7 TRUCK Набережные Челны,
,,,450000,Набережные Челны,,,,M7 TRUCK Набережные Челны,
,,,450000,Набережные Челны,,,,M7 TRUCK Набережные Челны,
,,,,Новониколаевский,,,,M7 TRUCK Казань,
,Цена с НДС,,620000,Дубровки,,,,Триера Трак,
,,,600000,,,,,M7 TRUCK Уфа,
,,,450000,Авдон,,,,M7 TRUCK Уфа,
,,,450000,Авдон,,,,M7 TRUCK Уфа,
,,,600000,Авдон,,,,M7 TRUCK Уфа,
,,,600000,Авдон,,,,M7 TRUCK Уфа,
,,,400000,,,,,M7 TRUCK Уфа,
,,,600000,Авдон,,,,M7 TRUCK Уфа,
,,,600000,Авдон,,,,M7 TRUCK Уфа,
,,,600000,Авдон,,,,M7 TRUCK Уфа,
,,,600000,,,,,M7 TRUCK Уфа,
,,,600000,Авдон,,,,M7 TRUCK Уфа,
,,,600000,Авдон,,,,M7 TRUCK Уфа,
,,,600000,Авдон,,,,M7 TRUCK Уфа,
,,,10,Елино,,,,700 МАШИН,
,,,10,Елино,,,,700 МАШИН,
,Цена с НДС,,,Люберцы,,,,PRO АВТО,
,,,480000,Москва,,,,Транзит-Дон Москва,
,,,,Люберцы,,,,PRO АВТО,
,,,,Люберцы,,,,PRO АВТО,
,,,300000,Красный Бор,,,,Техцентр СОТРАНС Mercedes-Benz Санкт-Петербург,
,Цена с НДС,,600000,Москва,,,,ТТ777,
,Цена с НДС,,300000,Красный Бор,,,,Техцентр СОТРАНС Mercedes-Benz Санкт-Петербург,
,Цена с НДС,,,Люберцы,,,,PRO АВТО,
,Цена с НДС,,,Люберцы,,,,PRO АВТО,
,,,70000,Москва,,,,АГТ-Трейдинг,
,Цена с НДС,,,Нижний Новгород,,,,OSTI.PRO,
,,,200000,Москва,,,,M7 TRUCK Москва Юг,
,Цена с НДС,,620000,Дубровки,,,,Триера Трак,
,,,,Краснодар,,,,ООО Кубань-Скан,
,Цена с НДС,,110000,Санкт-Петербург,,,,Вираж,
,Цена с НДС,,680000,Дубровки,,,,Триера Трак,
,Цена с НДС,,,Москва,,,,КАРКОМ СЕРВИС,
,Цена с НДС,,120000,Дубровки,,,,Триера Трак,
,Цена с НДС,,120000,Дубровки,,,,Триера Трак,
,Цена с НДС,,,Москва,,,,КПД,
,Цена с НДС,,,Москва,,,,КПД,
,Цена с НДС,,,Химки,,,,КПД,
,,,,Москва,,,,ГРУЗ СОЮЗ,
,Цена с НДС,,620000,Дубровки,,,,Триера Трак,
,,,,Москва,,,,ГРУЗ СОЮЗ,
,Цена с НДС,,620000,Дубровки,,,,Триера Трак,
,,,,Москва,,,,ГРУЗ СОЮЗ,
,Цена с НДС,,1,Солнечногорск,,,,АЙС КУБ,
,,,50000,Кимовск,,,,Юнион КРОНЕ Кимовск,
,,,50000,Кимовск,,,,Юнион КРОНЕ Кимовск,
,Цена с НДС,,,Екатеринбург,,,,Global Truck Sales Екатеринбург,
,Цена с НДС,,,Люберцы,,,,PRO АВТО,
,,,150000,Рязань,,,,ООО Группа Авто,
,Цена с НДС,,,Люберцы,,,,PRO АВТО,
,Цена с НДС,,,Москва,,,,Глобал Трак Сейлс Москва,
,,,600000,Москва,,,,,
,,,,Люберцы,,,,PRO АВТО,
,Цена с НДС,,,Москва,,,,КПД,
,Цена с НДС,,,Москва,,,,КПД,
,,,5000,Чёрная Грязь,,,,M7 TRUCK Москва,
,Цена с НДС,,30000,Красногорск,,,,Вест Групп,
,,,200000,Москва,,,,M7 TRUCK Москва Юг,
,,,350000,Новониколаевский,,,,M7 TRUCK Казань,
,,,800000,Набережные Челны,,,,M7 TRUCK Набережные Челны,
,,,450000,,,,,M7 TRUCK Набережные Челны,
,,,600000,Авдон,,,,M7 TRUCK Уфа,
,,,600000,Авдон,,,,M7 TRUCK Уфа,
,,,300000,Санкт-Петербург,,,,ЦКТ,
,Цена с НДС,,,Новосибирск,,,,Авторынок МАКСКАР,
,,,700000,Смоленск,,,,,
,,,100000,Нижний Новгород,,,,M7 TRUCK Нижний Новгород,
,,,550000,Москва,,,,Транзит-Дон Москва,
,,,420000,Москва,,,,Транзит-Дон Москва,
,Цена с НДС,,610000,Ростов-на-Дону,,,,Транзит-Дон Гипермаркет,
,,,350000,Люберцы,,,,Транспортная компания РОЗ-ГРУЗ,
,,,450000,Ростов-на-Дону,,,,Транзит-Дон Гипермаркет,
,,,99000,Люберцы,,,,ТРАК ПЛАТФОРМА,
,,,499000,Люберцы,,,,ТРАК ПЛАТФОРМА,
,,,499000,Люберцы,,,,ТРАК ПЛАТФОРМА,
,,,399000,Люберцы,,,,ТРАК ПЛАТФОРМА,
,,,299000,Люберцы,,,,ТРАК ПЛАТФОРМА,
,,,,Москва,,,,Транзит-Дон Москва,
,,,185000,Москва,,,,БорнТракСервис,
,Цена с НДС,,,Набережные Челны,,,,РариТЭК Авто Групп,
,,,700000,Пикино,,,,SelecTrucks,
,,,1,Челябинск,,,,,
,Цена с НДС,,50000,Люберцы,,,,ПОЛУПРИЦЕП.РФ,
,,,50,Кимовск,,,,Юнион КРОНЕ Кимовск,
,Цена с НДС,,,Люберцы,,,,PRO АВТО,
,,,430000,Москва,,,,,
,,,,Красноярск,,,,,
,Цена с НДС,,1,Солнечногорск,,,,АЙС КУБ,
,,,690000,Москва,,,,АГТ-Трейдинг,
,Цена с НДС,,20000,Красногорск,,,,Вест Групп,
,,,100000,Чёрная Грязь,,,,M7 TRUCK Москва,
,Цена с НДС,,620000,Дубровки,,,,Триера Трак,
,,,100000,Смоленск,,,,,
,Цена с НДС,,,Санкт-Петербург,,,,Global Truck Sales Санкт-Петербург,
,Цена с НДС,,,Санкт-Петербург,,,,Terra Truck DAF Санкт-Петербург,
,Цена с НДС,,,Люберцы,,,,PRO АВТО,
,Цена с НДС,,,Екатеринбург,,,,Global Truck Sales Екатеринбург,
,,,,Екатеринбург,,,,Global Truck Sales Екатеринбург,
,,,500000,Орёл,,,,,
,Цена с НДС,,,Москва,,,,КАРКОМ СЕРВИС,
,Цена с НДС,,120000,Дубровки,,,,Триера Трак,
,Цена с НДС,,80000,Санкт-Петербург,,,,ПикАвто,
,Цена с НДС,,120000,Дубровки,,,,Триера Трак,
,,,150000,Красный Бор,,,,Техцентр СОТРАНС Mercedes-Benz Санкт-Петербург,
,Цена с НДС,,,Москва,,,,Глобал Трак Сейлс Москва,
,Цена с НДС,,,Москва,,,,Глобал Трак Сейлс Москва,
,,,,Новосибирск,,,,,
,Цена с НДС,,,Москва,,,,Глобал Трак Сейлс Москва,
,,,800000,Михайловка,,,,,
,Цена с НДС,,,Москва,,,,Глобал Трак Сейлс Москва,
,Цена с НДС,,,Москва,,,,Глобал Трак Сейлс Москва,
,Цена с НДС,,520000,Дубровки,,,,Триера Трак,
,,,120000,Дубровки,,,,Триера Трак,
,Цена с НДС,,720000,Дубровки,,,,Триера Трак,
,Цена с НДС,,560000,Дубровки,,,,Триера Трак,
,Цена с НДС,,560000,Дубровки,,,,Триера Трак,
,Цена с НДС,,120000,Дубровки,,,,Триера Трак,
,Цена с НДС,,560000,Дубровки,,,,Триера Трак,
,Цена с НДС,,,Химки,,,,КПД,
,,,,Москва,,,,ГРУЗ СОЮЗ,
,,,1000000,,,,,M7 TRUCK Казань,
,,,,,,,,M7 TRUCK Набережные Челны,
,,,,Набережные Челны,,,,BS-Truck,
,,,,Екатеринбург,,,,Global Truck Sales Екатеринбург,
,,,100000,Чёрная Грязь,,,,M7 TRUCK Москва,
,,,600000,Москва,,,,ТТ777,
,Цена с НДС,,560000,Дубровки,,,,Триера Трак,
,,,300000,Набережные Челны,,,,M7 TRUCK Набережные Челны,
,,,600000,Набережные Челны,,,,M7 TRUCK Набережные Челны,
,,,700000,Москва,,,,Трак-Сток,
,,,399000,Люберцы,,,,ТРАК ПЛАТФОРМА,
,,,,Санкт-Петербург,,,,Global Truck Sales Санкт-Петербург,
,Цена с НДС,,,Москва,,,,Глобал Трак Сейлс Москва,
,Цена с НДС,,,Москва,,,,Глобал Трак Сейлс Москва,
,Цена с НДС,,,Москва,,,,Глобал Трак Сейлс Москва,
,Цена с НДС,,,Москва,,,,Глобал Трак Сейлс Москва,
,,,,Казань,,,,,
,,,200000,Чёрная Грязь,,,,M7 TRUCK Москва,
,,,600000,Москва,,,,M7 TRUCK Москва Юг,
,,,2000,Чёрная Грязь,,,,M7 TRUCK Москва,
,,,50000,Нижний Новгород,,,,M7 TRUCK Нижний Новгород,
,,,200000,Нижний Новгород,,,,M7 TRUCK Нижний Новгород,
,,,600000,,,,,M7 TRUCK Набережные Челны,
,Цена с НДС,,,Москва,,,,БорнТракСервис,
,Цена с НДС,,,,,,,ТК Арион,
,,,,Ростов-на-Дону,,,,,
,Цена с НДС,,,,,,,ЗилантМоторс,
,Цена с НДС,,,Казань,,,,ЗилантМоторс,
,Цена с НДС,,,Казань,,,,ЗилантМоторс,
,Цена с НДС,,,Казань,,,,ЗилантМоторс,
,Цена с НДС,,,Казань,,,,ЗилантМоторс,
,Цена с НДС,,,,,,,ЗилантМоторс,
,Цена с НДС,,,Казань,,,,ЗилантМоторс,
,,,650000,Ростов-на-Дону,,,,Транзит-Дон Гипермаркет,
,Цена с НДС,,,Казань,,,,ЗилантМоторс,
,,,500000,Москва,,,,Трак-Сток,
,Цена с НДС,,10,Елино,,,,700 МАШИН,
,,,600000,,,,,M7 TRUCK Казань,
,,,,Владимир,,,,,
,Цена с НДС,,,Набережные Челны,,,,BS-Truck,
,,,350000,Набережные Челны,,,,M7 TRUCK Набережные Челны,
,Цена с НДС,,100000,Краснодар,,,,Европлан Краснодар,
,,,1000,Брянск,,,,ФОРСАЖ,
,,,560000,Дубровки,,,,Триера Трак,
,Цена с НДС,,620000,Дубровки,,,,Триера Трак,
,Цена с НДС,,560000,Дубровки,,,,Триера Трак,
,Цена с НДС,,120000,Дубровки,,,,Триера Трак,
,Цена с НДС,,,Москва,,,,Глобал Трак Сейлс Москва,
,,,150000,Краснодар,,,,Европлан Краснодар,
,,,,Брянск,,,,,
,Цена с НДС,,,Екатеринбург,,,,Global Truck Sales Екатеринбург,
,,,,Москва и Московская область,,,,,
,,,,Нижний Новгород,,,,,
,,,,Москва,,,,Глобал Трак Сейлс Москва,
,,,500000,Москва,,,,Компания АВТОТРАК Москва,
,Цена с НДС,,,Новосибирск,,,,СибТракСкан,
,Цена с НДС,,600000,Москва,,,,ТТ777,
,,,200000,Чёрная Грязь,,,,M7 TRUCK Москва,
,,,200000,Чёрная Грязь,,,,M7 TRUCK Москва,
,,,20000,Москва,,,,M7 TRUCK Москва Юг,
,,,,Набережные Челны,,,,BS-Truck,
,Цена с НДС,,,Ростов-на-Дону,,,,Транзит-Дон Гипермаркет,
,Цена с НДС,,,Краснодар,,,,Транзит-Дон Краснодар,
,,,200000,Москва,,,,M7 TRUCK Москва Юг,
,Цена с НДС,,,Москва,,,,Транзит-Дон Москва,
,,,700000,Санкт-Петербург,,,,Октябрь-Авто,
,Цена с НДС,,100000,Новосибирск,,,,СибТракСкан,
,,,,Екатеринбург,,,,Global Truck Sales Екатеринбург,
,,,,Москва,,,,Глобал Трак Сейлс Москва,
,,,200000,Чёрная Грязь,,,,M7 TRUCK Москва,
,,,,Санкт-Петербург,,,,Октябрь-Авто,
,,,,Гусь-Хрустальный,,,,,
,Цена с НДС,,,Казань,,,,ЗилантМоторс,
,Цена с НДС,,,Казань,,,,ЗилантМоторс,
,Цена с НДС,,,Казань,,,,ЗилантМоторс,
,Цена с НДС,,,Казань,,,,ЗилантМоторс,
,Цена с НДС,,1,Дзержинск,,,,Приволжье-ТрансСервис НН,
,,,100000,Подольск,,,,КомТоргТранс,
,,,365000,Санкт-Петербург,,,,ЦКТ,
,Цена с НДС,,299000,Люберцы,,,,ТРАК ПЛАТФОРМА,
,,,299000,Люберцы,,,,ТРАК ПЛАТФОРМА,
,,,350000,Москва,,,,Транзит-Дон Москва,
,,,420000,Москва,,,,Транзит-Дон Москва,
,Цена с НДС,,,Набережные Челны,,,,BS-Truck,
,,,,Старый Оскол,,,,АО МАНАК-АВТО,
,Цена с НДС,,,Дзержинск,,,,Приволжье-ТрансСервис НН,
,Цена с НДС,,,Москва,,,,Глобал Трак Сейлс Москва,
,Цена с НДС,,,Москва,,,,Глобал Трак Сейлс Москва,
,Цена с НДС,,,Москва,,,,Глобал Трак Сейлс Москва,
,Цена с НДС,,,Москва,,,,Глобал Трак Сейлс Москва,
,,,,,,,,BS-Truck,
,Цена с НДС,,1000000,Нижний Новгород,,,,ООО ИТЕКО Россия,
,Цена с НДС,,1000000,Нижний Новгород,,,,ООО ИТЕКО Россия,
,Цена с НДС,,1000000,Нижний Новгород,,,,ООО ИТЕКО Россия,
,Цена с НДС,,1000000,Нижний Новгород,,,,ООО ИТЕКО Россия,
,,,299000,Люберцы,,,,ТРАК ПЛАТФОРМА,
,Цена с НДС,,200000,Каменск-Шахтинский,,,,Мега-Транзит,
,,,,Москва,,,,ГРУЗ СОЮЗ,
,Цена с НДС,,1000000,Нижний Новгород,,,,ООО ИТЕКО Россия,
,,,1,Ярославль,,,,КОМПАНИЯ АВТОМОБИЛИЯ,
,Цена с НДС,,1000000,Нижний Новгород,,,,ООО ИТЕКО Россия,
,,,450000,Москва,,,,Транзит-Дон Москва,
,,,600000,Набережные Челны,,,,M7 TRUCK Набережные Челны,
,Цена с НДС,,100000,Нижний Новгород,,,,ООО ИТЕКО Россия,
,Цена с НДС,,34500,Пермь,,,,Альфа-Лизинг Россия,
,Цена с НДС,,,Самара,,,,,
,Цена с НДС,,,Москва,,,,Глобал Трак Сейлс Москва,
,,,,,,,,BS-Truck,
,Цена с НДС,,,Москва,,,,Глобал Трак Сейлс Москва,
,Цена с НДС,,,Москва,,,,Глобал Трак Сейлс Москва,
,,,,Энгельс,,,,,
,Цена с НДС,,,Ярославль,,,,КОМПАНИЯ АВТОМОБИЛИЯ,
,Цена с НДС,,,Ярославль,,,,КОМПАНИЯ АВТОМОБИЛИЯ,
,Цена с НДС,,,Ярославль,,,,КОМПАНИЯ АВТОМОБИЛИЯ,
,Цена с НДС,,,Подольск,,,,Автоцентр ТЕХИНКОМ Подольск,
,,,,Вологда,,,,,
,Цена с НДС,,,Набережные Челны,,,,Альфа Трейлер,
,Цена с НДС,,,Набережные Челны,,,,Альфа Трейлер,
,Цена с НДС,,,Набережные Челны,,,,Альфа Трейлер,
,Цена с НДС,,,Набережные Челны,,,,Альфа Трейлер,
,Цена с НДС,,,Набережные Челны,,,,Альфа Трейлер,
,Цена с НДС,,,Набережные Челны,,,,Альфа Трейлер,
,,,1000000,Астрахань,,,,,
,Цена с НДС,,1,Красногорск,,,,Вест Групп,
,,,180000,Москва и Московская область,,,,,
,Цена с НДС,,,Екатеринбург,,,,Global Truck Sales Екатеринбург,
,Цена с НДС,,1,Москва,,,,Трак-Сток,
,Цена с НДС,,620000,Дубровки,,,,Триера Трак,
,,,750000,Почеп,,,,,
,,,600000,Москва,,,,TELS Group,
,,,,Санкт-Петербург,,,,Global Truck Sales Санкт-Петербург,
,,,500000,Тюмень,,,,,
,Цена с НДС,,680000,Дубровки,,,,Триера Трак,
,Цена с НДС,,555555,Санкт-Петербург,,,,Вираж,
,,,,,,,,BS-Truck,
,,,800000,Санкт-Петербург,,,,Монополия,
,Цена с НДС,,,Люберцы,,,,PRO АВТО,
,,,,Люберцы,,,,PRO АВТО,
,,,,Самара,,,,,
,,,500000,Чита,,,,,
,Цена с НДС,,555555,Санкт-Петербург,,,,Вираж,
,,,130000,Москва,,,,АГТ-Трейдинг,
,Цена с НДС,,300000,Ангарск,,,,,
,,,,Москва,,,,Глобал Трак Сейлс Москва,
,Цена с НДС,,1000000,Нижний Новгород,,,,ООО ИТЕКО Россия,
,,,550000,Хоругвино,,,,TELS Group,
,,,600000,Великий Новгород,,,,,
,,,230000,Смоленск,,,,ГРИН ЛАЙН,
,,,500000,Омская область,,,,,
,,,500000,Красноярск,,,,,
,,,125000,Москва,,,,АГТ-Трейдинг,
,,,300000,Воронеж,,,,,
,Цена с НДС,,162000,Москва,,,,АГТ-Трейдинг,
,,,,Люберцы,,,,PRO АВТО,
,Цена с НДС,,,Набережные Челны,,,,BS-Truck,
,,,,Смоленск,,,,,
,,,,Зеленоград,,,,Глобал Трак Сейлс Москва,
,,,520,Донецк,,,,,
,,,658415,Москва,,,,АГТ-Трейдинг,
,,,460000,Смоленск,,,,ГРИН ЛАЙН,
,,,12800,Сыктывкар,,,,Европлан Краснодар,
,,,,Москва,,,,Глобал Трак Сейлс Москва,
,,,50000,Обухово,,,,,
,Цена с НДС,,100000,Смоленск,,,,"ООО ""РЕД СТАР"" МАЗ Смоленск",
,,,510000,Смоленск,,,,ГРИН ЛАЙН,
,,,120000,Москва,,,,АГТ-Трейдинг,
,,,,Новосибирск,,,,Альфа-Лизинг Россия,
,,,,Смоленск,,,,,
,,,,Москва,,,,Глобал Трак Сейлс Москва,
,,,,Люберцы,,,,PRO АВТО,
,,,800000,Волгоград,,,,,
,Цена с НДС,,200000,Санкт-Петербург,,,,Вираж,
,Цена с НДС,,,Люберцы,,,,PRO АВТО,
,,,,Санкт-Петербург,,,,,
,,,600000,Казань,,,,,
,Цена с НДС,,,Люберцы,,,,PRO АВТО,
,Цена с НДС,,620000,Дубровки,,,,Триера Трак,
,,,,Дружино,,,,,
,,,572540,Москва,,,,АГТ-Трейдинг,
,,,,Иркутск,,,,,
,,,650000,Орск,,,,,
,,,70000,Красноярск,,,,,
,,,130000,Москва,,,,АГТ-Трейдинг,
,Цена с НДС,,,Химки,,,,КРОНЕ СканБалт,
,Цена с НДС,,150000,Санкт-Петербург,,,,Вираж,
,,,1,Люберцы,,,,,
,,,,Москва,,,,Глобал Трак Сейлс Москва,
,,,,Набережные Челны,,,,BS-Truck,
,,,,Люберцы,,,,PRO АВТО,
,,,170000,Москва,,,,АО МСУ-1,
,,,280000,Пенза,,,,,
,Цена с НДС,,160000,Дубровки,,,,Триера Трак,
,Цена с НДС,,,Химки,,,,КРОНЕ СканБалт,
,,,700000,Смоленск,,,,ГРИН ЛАЙН,
,,,100,Курск,,,,,
,,,400000,Санкт-Петербург,,,,,
,,,600000,Смоленск,,,,,
,,,150000,Санкт-Петербург,,,,Вираж,
,,,300000,Южно-Сахалинск,,,,Европлан Краснодар,
,,,150000,Москва,,,,АГТ-Трейдинг,
,,,,Омск,,,,,
,,,560000,Москва,,,,,
,,,,Новый Уренгой,,,,,
,Цена с НДС,,,Химки,,,,КРОНЕ СканБалт,
,,,100,Новозыбков,,,,,
,,,100000,Парголово,,,,Альфа-Лизинг Санкт-Петербург,
,Цена с НДС,,,Набережные Челны,,,,BS-Truck,
,Цена с НДС,,,Екатеринбург,,,,Global Truck Sales Екатеринбург,
,,,598000,Меленки,,,,,
,Цена с НДС,,41122,Москва,,,,Шмитц Каргобулл Руссланд,
,,,50000,Мурманск,,,,Альфа-Лизинг Россия,
,,,,Екатеринбург,,,,Global Truck Sales Екатеринбург,
,,,,Екатеринбург,,,,"ООО ""Трак""",
,Цена с НДС,,928077,Нижний Новгород,,,,ООО ИТЕКО Россия,
,,,300000,Москва,,,,,
,,,,Санкт-Петербург,,,,Global Truck Sales Санкт-Петербург,
,Цена с НДС,,1096580,Нижний Новгород,,,,ООО ИТЕКО Россия,
,Цена с НДС,,250000,Смоленск,,,,ГРИН ЛАЙН,
,,,300000,Москва,,,,АвтоБан,
,,,170000,Смоленск,,,,ГРИН ЛАЙН,
,,,700000,Смоленск,,,,,
,,,650000,Тула,,,,,
,Цена с НДС,,,Москва,,,,Глобал Трак Сейлс Москва,
,Цена с НДС,,149900,Санкт-Петербург,,,,Группа Милан,
,,,,Набережные Челны,,,,BS-Truck,
,,,680000,Энгельс,,,,,
,,,500000,Балабаново,,,,,
,,,299000,Люберцы,,,,ТРАК ПЛАТФОРМА,
,,,650264,Москва,,,,АГТ-Трейдинг,
,,,210000,Москва,,,,АГТ-Трейдинг,
,,,670000,Москва,,,,ТТ777,
,,,,Люберцы,,,,PRO АВТО,
,Цена с НДС,,1000000,Нижний Новгород,,,,ООО ИТЕКО Россия,
,,,200000,Санкт-Петербург,,,,Группа Милан,
,,,,Улан-Удэ,,,,,
,Цена с НДС,,577000,Солнечногорск,,,,ТРАНСАЛЬЯНС Москва,
,,,700000,Челябинск,,,,,
,Цена с НДС,,120000,Дубровки,,,,Триера Трак,
,,,700000,Смоленск,,,,"ООО ""РЕД СТАР"" МАЗ Смоленск",
,,,,Екатеринбург,,,,Global Truck Sales Екатеринбург,
,,,610000,Москва,,,,АГТ-Трейдинг,
,Цена с НДС,,,Екатеринбург,,,,Global Truck Sales Екатеринбург,
,,,1,Москва,,,,Трак-Сток,
,,,499000,Люберцы,,,,ТРАК ПЛАТФОРМА,
,,,590000,Москва и Московская область,,,,,
,,,,Москва,,,,Глобал Трак Сейлс Москва,
,Цена с НДС,,333000,Солнечногорск,,,,ТРАНСАЛЬЯНС Москва,
,,,700000,Рязань,,,,РУСАВТО Iveco Рязань,
,,,,Таганрог,,,,,
,,,60000,Санкт-Петербург,,,,,
,,,,Подольск,,,,КомТоргТранс,
,Цена с НДС,,,Химки,,,,КРОНЕ СканБалт,
,Цена с НДС,,445688,Нижний Новгород,,,,ООО ИТЕКО Россия,
,,,500000,Санкт-Петербург,,,,,
,,,522032,Богданович,,,,,
,Цена с НДС,,760000,Дубровки,,,,Триера Трак,
,,,,Екатеринбург,,,,Global Truck Sales Екатеринбург,
,Цена с НДС,,575000,Солнечногорск,,,,ТРАНСАЛЬЯНС Москва,
,,,,Краснодар,,,,Реалист Банк,
,,,,Дмитровск,,,,,
,,,500000,Екатеринбург,,,,,
,,,290000,Смоленск,,,,ГРИН ЛАЙН,
,,,1,Котельники,,,,Форсаж,
,,,400000,Москва,,,,АГТ-Трейдинг,
,Цена с НДС,,120000,Дубровки,,,,Триера Трак,
,Цена с НДС,,680000,Москва,,,,АГТ-Трейдинг,
,Цена с НДС,,400000,Смоленск,,,,"ООО ""РЕД СТАР"" МАЗ Смоленск",
,,,640000,Липецк,,,,,
,Цена с НДС,,,Москва,,,,ГРУЗ СОЮЗ,
,,,,Санкт-Петербург,,,,,
,,,1500000,Тверь,,,,,
,,,420000,Смоленск,,,,ГРИН ЛАЙН,
,,,160000,Москва,,,,АГТ-Трейдинг,
,Цена с НДС,,579000,Солнечногорск,,,,ТРАНСАЛЬЯНС Москва,
,Цена с НДС,,1,Москва,,,,Трак-Сток,
,,,800000,Санкт-Петербург,,,,Монополия,
,,,,Люберцы,,,,PRO АВТО,
,Цена с НДС,,1000000,Нижний Новгород,,,,ООО ИТЕКО Россия,
,,,,Екатеринбург,,,,"ООО ""Трак""",
,Цена с НДС,,,Екатеринбург,,,,Global Truck Sales Екатеринбург,
,,,777777,Дмитров,,,,,
,Цена с НДС,,839834,Нижний Новгород,,,,ООО ИТЕКО Россия,
,Цена с НДС,,,Люберцы,,,,PRO АВТО,
,,,740245,Москва,,,,АГТ-Трейдинг,
,,,777777,Дмитров,,,,,
,,,,Чита,,,,,
,,,444444,Санкт-Петербург,,,,Вираж,
,Цена с НДС,,780000,Дубровки,,,,Триера Трак,
,,,120000,Москва,,,,АГТ-Трейдинг,
,,,600000,Тында,,,,,
,,,280000,Тула,,,,,
,,,,Москва,,,,Глобал Трак Сейлс Москва,
,,,250000,Санкт-Петербург,,,,Группа Милан,
,,,600000,Екатеринбург,,,,,
,,,123000,Санкт-Петербург,,,,Группа Милан,
,,,63000,Москва,,,,АГТ-Трейдинг,
,,,390000,Смоленск,,,,ГРИН ЛАЙН,
,,,1,Санкт-Петербург,,,,,
,,,600000,Воронеж,,,,,
,Цена с НДС,,150000,Санкт-Петербург,,,,Вираж,
,Цена с НДС,,45000,Миасс,,,,ООО УралСпецКран,
,Цена с НДС,,,Набережные Челны,,,,BS-Truck,
,,,,Ярославль,,,,КОМПАНИЯ АВТОМОБИЛИЯ,
,Цена с НДС,,,Санкт-Петербург,,,,Global Truck Sales Санкт-Петербург,
,,,,,,,,ПОЛУПРИЦЕП.РФ,
,Цена с НДС,,,Тверь,,,,Макскар-Тверь,
,Цена с НДС,,,Люберцы,,,,ПОЛУПРИЦЕП.РФ,
,Цена с НДС,,,Москва,,,,КАМЦЕНТР КамАЗ,
,Цена с НДС,,,Санкт-Петербург,,,,Terra Truck DAF Санкт-Петербург,
,Цена с НДС,,,Москва,,,,Глобал Трак Сейлс Москва,
,Цена с НДС,,,Москва,,,,СГМ - ГРУПП,
,Цена с НДС,,,Санкт-Петербург,,,,Terra Truck DAF Санкт-Петербург,
,Цена с НДС,,,Москва,,,,СГМ - ГРУПП,
,Цена с НДС,,,Москва,,,,Глобал Трак Сейлс Москва,
,,,,Пушкино,,,,ТракХолдинг,
,,,600000,Набережные Челны,,,,M7 TRUCK Набережные Челны,
,Цена с НДС,,,Москва,,,,СГМ - ГРУПП,
,,,,Подольск,,,,Автоцентр ТЕХИНКОМ Подольск,
,,,500000,Москва,,,,,
,Цена с НДС,,,Казань,,,,ЗилантМоторс,
,Цена с НДС,,,Краснодар,,,,Транзит-Дон Краснодар,
,,,,Ульяновск,,,,,
,,,350000,Ростов-на-Дону,,,,Транзит-Дон Гипермаркет,
,,,100,Дорогобуж,,,,,
,,,,Ульяновск,,,,,
,,,,Уфа,,,,Диалком,
,,,,Великие Луки,,,,,
,,,,Череповец,,,,,
,Цена с НДС,,200000,Рязань,,,,ООО Группа Авто,
,,,350000,Калининград,,,,,
,,,500000,Москва,,,,,
,,,700000,Красноярск,,,,,
,,,,Томск,,,,,
,,,10,Ростов-на-Дону,,,,Транзит-Дон Гипермаркет,
,,,500000,Владимир,,,,,
,,,100,Старый Оскол,,,,ИП Клейменов С.Н.,
,,,100,Ростов-на-Дону,,,,Транзит-Дон Гипермаркет,
,,,,Тобольск,,,,,
,,,,Подольск,,,,,
,,,1000,Екатеринбург,,,,"ООО ""Трак""",
,,,700000,Ольша,,,,CargoLine group,
,Цена с НДС,,120000,Каменск-Шахтинский,,,,Мега-Транзит,
,Цена с НДС,,,Набережные Челны,,,,Камавтокомплект-Трак,
,,,1,Уфа,,,,,
,,,,Брянск,,,,,
,,,500000,Красногорск,,,,,
,,,700000,Красноярск,,,,,
,,,600,Бийск,,,,,
,Цена с НДС,,,Люберцы,,,,Транспортная компания РОЗ-ГРУЗ,
,,,777,Краснодар,,,,ООО Кубань-Скан,
,,,,Кизилюрт,,,,,
,,,,Зеленоград,,,,Реалист Банк,
,,,300000,Брянск,,,,ФОРСАЖ,
,,,450000,Рязань,,,,ООО Группа Авто,
,,,336000,Жигулёвск,,,,,
,,,,Ковернино,,,,,
,,,,Москва,,,,,
,Цена с НДС,,,Краснодар,,,,Транзит-Дон Краснодар,
,,,508000,Саранск,,,,,
,,,300000,Нижний Новгород,,,,,
,,,,Краснодар,,,,Транзит-Дон Краснодар,
,,,,Краснодар,,,,,
,,,510000,Ростов-на-Дону,,,,Транзит-Дон Гипермаркет,
,,,500000,Ставрополь,,,,,
,,,,Павлово,,,,,
,,,50000,Санкт-Петербург,,,,,
,Цена с НДС,,,Ростов-на-Дону,,,,Транзит-Дон Гипермаркет,
,,,100000,Печерск,,,,,
,,,,Ростов-на-Дону,,,,Транзит-Дон Гипермаркет,
,Цена с НДС,,100,Красноярск,,,,АвтоСпецМаш Техника с пробегом,
,,,,Ачинск,,,,,
,Цена с НДС,,,Набережные Челны,,,,BS-Truck,
,,,1,Екатеринбург,,,,"ООО ""Трак""",
,,,600000,Серебряные Пруды,,,,,
,Цена с НДС,,,Краснодар,,,,Транзит-Дон Краснодар,
,,,600000,Красноярск,,,,,
,,,450000,Красноярск,,,,,
,,,200000,Казань,,,,ЗилантМоторс,
,,,100,Старый Оскол,,,,ИП Клейменов С.Н.,
,,,,Пенза,,,,,
,,,,Люберцы,,,,PRO АВТО,
,Цена с НДС,,552179,Брянск,,,,РосТрансАвто Брянск,
,,,30000,Челябинск,,,,Omniport,
,Цена с НДС,,580000,Дубровки,,,,Триера Трак,
,,,,Фурманов,,,,,
,,,300000,Уфа,,,,,
,Цена с НДС,,,Москва,,,,Глобал Трак Сейлс Москва,
,Цена с НДС,,1,Екатеринбург,,,,"ООО ""Трак""",
,,,600000,Тейково,,,,,
,,,1,Ростов-на-Дону,,,,,
,,,500000,Брянск,,,,,
,,,,Екатеринбург,,,,"ООО ""Трак""",
,,,400000,Красноярск,,,,,
,,,20000,Казань,,,,,
,,,50000,Тутаев,,,,,
,Цена с НДС,,,Краснодар,,,,Транзит-Дон Краснодар,
,,,,Старый Оскол,,,,,
,,,7000,Невинномысск,,,,,
,,,100,Ангарск,,,,,
,,,100,Старый Оскол,,,,ИП Клейменов С.Н.,
,,,,Ростов-на-Дону,,,,Транзит-Дон Гипермаркет,
,,,100,Екатеринбург,,,,"ООО ""Трак""",
,,,100,Старый Оскол,,,,ИП Клейменов С.Н.,
,,,2000,Екатеринбург,,,,,
,,,600000,Ольша,,,,CargoLine group,
,,,,Зеленоград,,,,Реалист Банк,
,,,590000,Вязьма,,,,,
,,,100,Старый Оскол,,,,ИП Клейменов С.Н.,
,,,,Череповец,,,,,
,,,1,Саранск,,,,,
,,,700000,Красноярск,,,,,
,Цена с НДС,,210000,Каменск-Шахтинский,,,,Мега-Транзит,
,,,450000,Краснодар,,,,Транзит-Дон Краснодар,
,,,,Екатеринбург,,,,"ООО ""Трак""",
,,,500000,Обнинск,,,,,
,,,100,Екатеринбург,,,,"ООО ""Трак""",
,,,111111,Челябинск,,,,,
,,,1,Набережные Челны,,,,,
,,,850000,Набережные Челны,,,,,
,,,10000,Брянск,,,,ФОРСАЖ,
,,,,Георгиевск,,,,,
,Цена с НДС,,70000,Ольша,,,,CargoLine group,
,,,20000,Уфа,,,,Диалком,
,,,,Энгельс,,,,,
,Цена с НДС,,,Рязань,,,,ТТМ Центр Рязань,
,Цена с НДС,,,Старый Оскол,,,,ИП Клейменов С.Н.,
,Цена с НДС,,,Новосибирск,,,,Авторынок МАКСКАР,
,Цена с НДС,,,Ростов-на-Дону,,,,Транзит-Дон Гипермаркет,
,,,,Новосибирск,,,,Авторынок МАКСКАР,
,Цена с НДС,,,Старый Оскол,,,,ОСКОЛ ТРАК,
,Цена с НДС,,,Уфа,,,,Русбизнесавто-Уфа,
,Цена с НДС,,,Краснодар,,,,Транзит-Дон Краснодар,
,Цена с НДС,,,Ярославль,,,,КОМПАНИЯ АВТОМОБИЛИЯ,
,Цена с НДС,,,Ростов-на-Дону,,,,Транзит-Дон Гипермаркет,
,Цена с НДС,,,Краснодар,,,,Транзит-Дон Краснодар,
,,,,Уфа,,,,АвтоЛидер,
,,,,Саратов,,,,ТТМ Центр Саратов,
,,,,Ярославль,,,,ЯрКамп,
,Цена с НДС,,,Краснодар,,,,Транзит-Дон Краснодар,
,Цена с НДС,,,Екатеринбург,,,,Global Truck Sales Екатеринбург,
,,,,Старый Оскол,,,,ОСКОЛ ТРАК,
,Цена с НДС,,,Барнаул,,,,СИБТРАКЦЕНТР Барнаул,
,Цена с НДС,,,Москва,,,,Компания АВТОТРАК Москва,
,Цена с НДС,,,Краснодар,,,,Транзит-Дон Краснодар,
,Цена с НДС,,,Ростов-на-Дону,,,,Транзит-Дон Гипермаркет,
,Цена с НДС,,,Екатеринбург,,,,Global Truck Sales Екатеринбург,
,,,,Старый Оскол,,,,АО МАНАК-АВТО,
,,,,Набережные Челны,,,,BS-Truck,
,Цена с НДС,,,Новосибирск,,,,Авторынок МАКСКАР,
,Цена с НДС,,,Екатеринбург,,,,Global Truck Sales Екатеринбург,
,,,,Краснодар,,,,Транзит-Дон Краснодар,
,Цена с НДС,,,Пушкино,,,,ТракХолдинг,
,,,,Краснодар,,,,Транзит-Дон Краснодар,
,Цена с НДС,,,Новосибирск,,,,Авторынок МАКСКАР,
,Цена с НДС,,,Дзержинск,,,,Приволжье-ТрансСервис НН,
,,,,Старый Оскол,,,,АО МАНАК-АВТО,
,,,,Пушкино,,,,ТракХолдинг,
,Цена с НДС,,,Ростов-на-Дону,,,,Транзит-Дон Гипермаркет,
,Цена с НДС,,,Екатеринбург,,,,Global Truck Sales Екатеринбург,
,Цена с НДС,,,Краснодар,,,,Транзит-Дон Краснодар,
,Цена с НДС,,,Краснодар,,,,Транзит-Дон Краснодар,
,Цена с НДС,,,Ростов-на-Дону,,,,Транзит-Дон Гипермаркет,
,,,,Набережные Челны,,,,BS-Truck,
,Цена с НДС,,,Ростов-на-Дону,,,,Транзит-Дон Гипермаркет,
,Цена с НДС,,,Екатеринбург,,,,Global Truck Sales Екатеринбург,
,Цена с НДС,,,Екатеринбург,,,,Global Truck Sales Екатеринбург,
,,,,Краснодар,,,,Транзит-Дон Краснодар,
,Цена с НДС,,,Рязань,,,,ТТМ Центр Рязань,
,,,,Новосибирск,,,,Авторынок МАКСКАР,
,Цена с НДС,,,Ижевск,,,,Камавтокомплект Трак,
,Цена с НДС,,,Екатеринбург,,,,Global Truck Sales Екатеринбург,
,Цена с НДС,,,Москва,,,,Глобал Трак Сейлс Москва,
,Цена с НДС,,,Брянск,,,,ФОРСАЖ,
,,,,Ростов-на-Дону,,,,Транзит-Дон Гипермаркет,
,Цена с НДС,,,Екатеринбург,,,,Global Truck Sales Екатеринбург,
,Цена с НДС,,,Москва,,,,Глобал Трак Сейлс Москва,
,,,,Энгельс,,,,,
,,,100000,Лобня,,,,,
,,,843000,Екатеринбург,,,,,
,,,150000,Косулино,,,,,
,,,10000,Челябинская область,,,,,
,,,100000,Владимир,,,,,
,,,30000,Ставропольский край,,,,,
,,,150000,Красноярск,,,,,
,,,,Орёл,,,,,
,,,,Софрино,,,,,
,,,1000000,Астрахань,,,,,
,,,700000,Рязань,,,,,
,,,,Тула,,,,,
,,,,Нальчик,,,,,
,,,,Тобольск,,,,,
,,,,Железногорск,,,,,
,,,700000,Ижевск,,,,,
,,,,Новокузнецк,,,,,
,,,300000,Курск,,,,,
,,,,Воронеж,,,,,
,,,800000,Подольск,,,,,
,,,90000,Чебоксары,,,,,
,,,,Тольятти,,,,,
,,,,Смоленск,,,,,
,,,800000,Сыктывкар,,,,,
,,,1,Калуга,,,,,
,,,,Оренбург,,,,,
,,,10000,Ачит,,,,,
,,,27000,Новочебоксарск,,,,,
,,,1000,Волгоград,,,,,
,,,,Череповец,,,,,
,,,1000000,Шарья,,,,,
,,,700000,Смоленск,,,,,
,,,600000,Прогресс,,,,,
,,,,Ростов-на-Дону,,,,,
,,,40000,Челябинск,,,,,
,,,300000,Чита,,,,,
,,,100000,Красноярск,,,,,
,,,,Пермь,,,,,
,,,950000,Екатеринбург,,,,,
,,,,Шушенское,,,,,
,,,,Омск,,,,,
,,,200000,Табат,,,,,
,,,,Бугульма,,,,,
,,,700000,Великий Новгород,,,,,
,,,500000,Красноярск,,,,,
,,,,Белгород,,,,,
,,,,Барнаул,,,,,
,,,,Смоленск,,,,,
,,,600000,Воронежская область,,,,,
,,,,Киров,,,,,
,,,490000,Ижевск,,,,,
,,,300000,Санкт-Петербург,,,,,
,,,,Липецк,,,,,
,,,,Смоленск,,,,,
,,,30000,Тверь,,,,,
,,,700000,Ижевск,,,,,
,,,530000,Москва,,,,,
,,,500000,Новосибирск,,,,,
,,,,Барнаул,,,,,
,,,1800000,Москва,,,,,
,,,600000,Челябинск,,,,,
,,,700000,Белгород,,,,,
,,,,Новосибирск,,,,,
,,,390000,Москва,,,,,
,,,100000,Минеральные Воды,,,,,
,,,987000,Смоленск,,,,,
,,,,Сургут,,,,,
,,,,Челябинск,,,,,
,,,250000,Иглино,,,,,
,,,220000,Коркино,,,,,
,,,,Красноярск,,,,,
,,,100000,Пермь,,,,,
,,,150000,Невинномысск,,,,,
,,,500000,Набережные Челны,,,,,
,,,380000,Калуга,,,,,
,,,,Новочеркасск,,,,,
,,,1,Чебоксары,,,,,
,,,18000,Лабытнанги,,,,,
,,,,Пенза,,,,,
,,,,Махачкала,,,,,
,,,900000,Елец,,,,,
,,,500000,Красноярск,,,,,
,,,400000,Невьянск,,,,,
,,,300000,Тюмень,,,,,
,,,,Коренево,,,,,
,,,650000,Тюмень,,,,,
,,,,Барнаул,,,,,
,,,15000,Смоленск,,,,,
,,,100000,Каменск-Шахтинский,,,,,
,,,150000,Железногорск,,,,,
,,,,Красноярский край,,,,,
,,,,Осташков,,,,,
,,,,Тюмень,,,,,
,,,,Красноярск,,,,,
,,,,Грязи,,,,,
,,,,Рыбинск,,,,,
,,,700000,Нижегородская область,,,,,
,,,,Иваново,,,,,
,,,250000,Красноярск,,,,,
,,,777777,Дмитров,,,,,
,,,,Красноярск,,,,,
,,,,Орёл,,,,,
,,,600000,Кострома,,,,,
,,,800000,Белгород,,,,,
,,,500000,Миасс,,,,,
,,,,Тюмень,,,,,
,,,,Челябинск,,,,,
,,,1000000,Себеж,,,,,
,,,1000,Ачинск,,,,,
,,,,Петрозаводск,,,,,
,,,,Смоленск,,,,,
,,,,Иркутск,,,,,
,,,,Хабаровск,,,,,
,,,,Набережные Челны,,,,,
,,,15000,Смоленск,,,,,
,,,1,Тула,,,,,
,,,,Белгород,,,,,
,,,100000,Архангельск,,,,,
,,,,Ермолино,,,,,
,,,300000,Самара,,,,,
,,,,Красноярск,,,,,
,,,,Рязань,,,,,
,,,1080000,Шали,,,,,
,,,,Петрозаводск,,,,,
,,,20,Набережные Челны,,,,,
,,,,Казань,,,,,
,,,110,Орск,,,,,
,,,,Брянск,,,,,
,,,1,Екатеринбург,,,,,
,,,150000,Архангельск,,,,,
,,,,Саров,,,,,
,,,1000000,Орёл,,,,,
,,,,Омск,,,,,
,,,582000,Санкт-Петербург,,,,,
,,,,Меленки,,,,,
,,,780000,Калуга,,,,,
,,,390000,Уфа,,,,,
,,,138000,Архангельск,,,,,
,,,,Красноярск,,,,,
,,,600000,Смоленск,,,,,
,,,,Сухой Лог,,,,,
,,,111111,Ростов-на-Дону,,,,,
,,,25000,Пенза,,,,,
,,,,Курск,,,,,
,,,,Новосибирск,,,,,
,,,110000,Гулькевичи,,,,,
,,,,Махачкала,,,,,
,,,,Череповец,,,,,
,,,500000,Казань,,,,,
,,,,Красноярск,,,,,
,,,222333,Краснодар,,,,,
,,,111111,Красноярск,,,,,
,,,500,Москва,,,,,
,,,999000,Москва и Московская область,,,,,
,,,,Тюмень,,,,,
,,,,Новосибирск,,,,,
,,,,Торжок,,,,,
,,,100,Екатеринбург,,,,,
,,,111111,Красноярск,,,,,
,,,,Орёл,,,,,
,,,100,Курск,,,,,
,,,500000,Ставрополь,,,,,
,,,,Киров,,,,,
,,,,Брянск,,,,,
,,,700000,Сыктывкар,,,,,
,,,300000,Махачкала,,,,,
,,,109000,Екатеринбург,,,,,
,,,759000,Челябинск,,,,,
,,,,Брянск,,,,,
,,,490000,Ростов-на-Дону,,,,,
,,,500000,Санкт-Петербург,,,,,
,,,896000,Москва,,,,,
,,,,Воронеж,,,,,
,,,100000,Красноярск,,,,,
,,,,Нижний Новгород,,,,,
,,,200000,Брянск,,,,,
,,,150000,Волгоград,,,,,
,,,,Ижевск,,,,,
,,,550000,Москва,,,,,
,,,500000,Казань,,,,,
,,,500000,Смоленск,,,,,
,,,,Тверь,,,,,
,,,,Челябинск,,,,,
,,,,Новосибирск,,,,,
,,,500000,Казань,,,,,
,,,,Ростов-на-Дону,,,,,
,,,,Ярославль,,,,,
,,,250000,Полтавская,,,,,
,,,,Рудня,,,,,
,,,,Екатеринбург,,,,,
,,,240000,Людиново,,,,,
,,,111111,Красноярск,,,,,
,,,,Краснодар,,,,,
,,,,Самара,,,,,
,,,580000,Тверь,,,,,
,,,,Хабаровск,,,,,
,,,300000,Уфа,,,,,
,,,200000,Палех,,,,,
,,,600000,Бор,,,,,
,,,,Санкт-Петербург,,,,,
,,,1000000,Старое Мелково,,,,,
,,,500000,Брянск,,,,,
,,,500000,Москва,,,,,
,,,400000,Москва,,,,,
,,,,Барнаул,,,,,
,,,200000,Москва,,,,,
,,,387000,Ачинск,,,,,
,,,111111,Красноярск,,,,,
,,,,Махачкала,,,,,
,,,,Краснодарский,,,,,
,,,70000,Чебоксары,,,,,
,,,500000,Челябинск,,,,,
,,,500000,Подольск,,,,,
,,,,Самара,,,,,
,,,,Брянск,,,,,
,,,600000,Москва,,,,,
,,,,Пенза,,,,,
,,,,Славянск-на-Кубани,,,,,
,,,500000,Челябинск,,,,,
,,,,Лиски,,,,,
,,,160000,Иркутск,,,,,
,,,,Москва,,,,,
,,,,Брянск,,,,,
,,,,Усть-Кут,,,,,
,,,545000,Воронеж,,,,,
,,,1,Тула,,,,,
,,,,Москва,,,,,
,,,,Сухой Лог,,,,,
,,,,Кизилюрт,,,,,
,,,,Лобня,,,,,
,,,,Калининград,,,,,
,,,100,Екатеринбург,,,,,
,,,,Краснодар,,,,,
,,,,Псков,,,,,
,,,,Братск,,,,,
,,,,Нижний Новгород,,,,,
,,,780000,Тверь,,,,,
,,,,Симферополь,,,,,
,,,,Старая Русса,,,,,
,,,300000,Железногорск,,,,,
,,,,Канск,,,,,
,,,,Москва,,,,,
,,,,Дюртюли,,,,,
,,,1,Ирбит,,,,,
,,,500000,Дербент,,,,,
,,,100,Нижний Новгород,,,,,
,,,300000,Брянск,,,,,
,,,10,Галич,,,,,
,,,800000,Кострома,,,,,
,,,10,Челябинск,,,,,
,,,100000,Вязьма,,,,,
,,,900000,Нижний Новгород,,,,,
,,,,Тула,,,,,
,,,,Каменск-Шахтинский,,,,,
,,,,Когалым,,,,,
,,,,Набережные Челны,,,,,
,,,1,Набережные Челны,,,,,
,,,1,Михайловка,,,,,
,,,,Самара,,,,,
,,,900000,Курган,,,,,
,,,20,Екатеринбург,,,,,
,,,,Самара,,,,Автосалон в Подстепновке,
,,,,Самара,,,,Автосалон в Подстепновке,
,,,70000,Самара,,,,Автосалон в Подстепновке,
,,,,Самара,,,,Автосалон в Подстепновке,
,,,50000,Самара,,,,Автосалон в Подстепновке,
,,,,Уфа,,,,,
,,,,Боровичи,,,,,
,,,,Липецк,,,,,
,,,,Самара,,,,Автосалон в Подстепновке,
,,,1,Шарыпово,,,,Дорожник,
,,,,Юхнов,,,,,
,,,,Самара,,,,Автосалон в Подстепновке,
,,,,Самара,,,,Автосалон в Подстепновке,
,,,,Тихорецк,,,,,
,,,,Кострома,,,,,
,,,600000,Екатеринбург,,,,,
,Цена с НДС,,,Грозный,,,,ООО Юг-Авто-Сервис,
,,,,Волгоград,,,,,
,,,150000,Бабаево,,,,,
,,,950000,Мценск,,,,,
,,,288456,Екатеринбург,,,,,
,,,700000,Курганинск,,,,,
,,,,Иркутск,,,,,
,,,55000,Махачкала,,,,,
,Цена с НДС,,,Санкт-Петербург,,,,Ортхаус Трейлерс Рус,
,Цена с НДС,,,Дзержинск,,,,Приволжье-ТрансСервис НН,
,Цена с НДС,,,Челябинск,,,,АТБ ТРАНС,
,Цена с НДС,,1480000,Жуковский,,,,Юнион Карго,
,,,10,Москва,,,,СГМ - ГРУПП,
,Цена с НДС,,1100000,Жуковский,,,,Юнион Карго,
,Цена с НДС,,350000,Жуковский,,,,Юнион Карго,
,Цена с НДС,,,Санкт-Петербург,,,,Ортхаус Трейлерс Рус,
,Цена с НДС,,,Челябинск,,,,АТБ ТРАНС,
,,,100,Старый Оскол,,,,ИП Клейменов С.Н.,
,,,100,Старый Оскол,,,,ИП Клейменов С.Н.,
,,,1000,Старый Оскол,,,,ИП Клейменов С.Н.,
,Цена с НДС,,,Уфа,,,,АвтоЛидер,
,Цена с НДС,,,Старый Оскол,,,,ИП Клейменов С.Н.,
,Цена с НДС,,,Старый Оскол,,,,ОСКОЛ ТРАК,
,Цена с НДС,,,Москва,,,,АВТОФУРГОН,
,Цена с НДС,,,Уфа,,,,АвтоЛидер,
,Цена с НДС,,,Старый Оскол,,,,ИП Клейменов С.Н.,
,Цена с НДС,,,Екатеринбург,,,,Global Truck Sales Екатеринбург,
,Цена с НДС,,,Москва,,,,АВТОФУРГОН,
,Цена с НДС,,,Старый Оскол,,,,ИП Клейменов С.Н.,
,Цена с НДС,,,Старый Оскол,,,,ИП Клейменов С.Н.,
,Цена с НДС,,,Дзержинск,,,,Приволжье-ТрансСервис НН,
,Цена с НДС,,,Москва,,,,АВТОФУРГОН,
,Цена с НДС,,,Старый Оскол,,,,ИП Клейменов С.Н.,
