Comment;Site;Benefit;Make;URL;Year;Supplier;VehicleType;Price 1;Price;Mileage;VATIncluded
Использовался на международных перевозках  П  образно сдвигается крыша  борт  Оси шмитц  ТИР  Технически исправлен  Своевременное техническое обслуживание  Обслуживался на сертифицированных сервисах  Один собственник  Цена указана с НДС  Посреднические услуги не предлагать  Готов к эксплуатации ;auto.ru;18;SCHMITZ CARGOBULL;https://auto.ru/trailer/used/sale/schmitz_cargobull/s01/16470240-43b24143/;2016;Роллингер Логистика ООО;Curtainsider;1782680;1500000;400000;Цена с НДС
Рефрижераторный 3 х осный полуприцеп Schmitz Cargobull SKO 24 L   13 4 FP 60 COOL  86м3  Кузов FERROPLASТ для глубокой заморозки  MAXIMA 1300 2016 года выпуска   наработка 3 000 Мото Часов  палетный ящик  подъёмная ось   тормоза дисковые   оси Schmitz  Прицеп и ходовая в идеальном состоянии  Колёса новые  остаток протектора 100   Эксплуатировался без перегруза   Своевременное техническое обслуживание  Готов к эксплуатации  вложений не требует  Посреднические услуги не предлагать ;auto.ru;17;SCHMITZ CARGOBULL;https://auto.ru/trailer/used/sale/schmitz_cargobull/sko/16483978-6dbb4987/;2016;;Refrigerator;3753416;3200000;;
Продаю платформу шторного полуприцепа 2018 года выпуска  коники  оси SAF на коробах  ПТС таможня оригинал юридически чист Горел тягач  пострадала передняя часть  Прошу не звонить тем  кто не определился  кому трудно приложить руки и хочет прицеп таких годов стоящий около 2млн за пол цены ничего не делая  Без торга  вопросы по делу;auto.ru;145;KOLUMAN;https://auto.ru/trailer/used/sale/koluman/polupricep_shtorniy/16527122-7e7f2d33/;2018;;Curtainsider;1865823;759000;;
Прицеп в идеальном состояние  С рефрижератором почти не ездили Резина вся поменяна Установка ВЕКТОР 1350 отработал 2500 мото часов  Своевременное техническое обслуживание  Готов к эксплуатации  Торг возможен при осмотре ;auto.ru;26;TONAR;https://auto.ru/trailer/used/sale/tonar/9746/16327520-3e3a89f4/;2017;;Refrigerator;3159234;2500000;;
Своевременное техническое обслуживание  Не требует дополнительных вложений  Готов к эксплуатации  Цена указана за тягач  прицеп тонар в отличном состоянии 2018г в  цена 1 100 000 руб  Возможна продажа в кредит  Торг возможен при осмотре  Посреднические услуги не предлагать Двигатель RENAULT;auto.ru;11;MAZ;https://auto.ru/artic/used/sale/maz/5440/16519282-7faccf6a/;2018;;Truck;2452626;2200000;220000;
Седельный тягач Камаз 43118 46 в отличном состоянии  пробег реальный 30 тыс  км Год выпуска 2017  колесная формула 6х6  спальное место ДВС Камаз 740662 Евро 4  КПП ZF 9S1310 TO Шины с подкачкой 425 85R21 Высота ССУ 1530 Нагрузка на седельно сцепное устройство 12 тонн Топливные баки  л 210 350 Тахограф Вложений не требует  цена с НДС  возможен лизинг;auto.ru;17;KAMAZ;https://auto.ru/artic/used/sale/kamaz/43118_tyagach/16461650-66417015/;2017;ООО УралСпецКран;Truck;3339612;2850000;30000;
В связи с обновлением парка  продается Scania R440  Низкорамник  2015 г в   440л с   евро 5  топливная PDE  сборка Нидерланды  КПП  Opticruise   2 бака 500 700л   кабина высокая  2 спальных места  автономный отопитель  холодильник  люк  климат контроль  цифровой тахограф  Состояние отличное   Один собственник  работали на Европу  Посредникам и прочим помощникам не беспокоить  ;auto.ru;10;SCANIA;https://auto.ru/artic/used/sale/scania/r_1/16409800-ffecba31/;2015;;Truck;4188470;3800000;800000;
Надежный неприхотливый тягач с отличным двигателем weichai power 12 430  коробка ZF  Пробег 380000 км  Стоит предпусковой подогреватель  автономный отопитель  фен  Эбершпехер  тахограф ЕСТР  Передняя резина КАМА новая  задняя остаток 60   Своевременное обслуживание  Я единственный собственник  Машина в работе  Об осмотре договариваться  ;auto.ru;92;MAZ;https://auto.ru/artic/used/sale/maz/5440/16615874-e2d31ef5/;2017;;Truck;2312713;1199000;376000;
Грузовой тягач седельный P440 LA4x2HNA 2018 г в  находится в продаже на стоянке у официального дилера SCANIA  Тягач в отличном состоянии  техническое обслуживание проводилось своевременно  Тягач гидрофицирован под самосвальный полуприцеп    Посреднические услуги не предлагать  Цена указана с НДС  Готов к эксплуатации ;auto.ru;22;SCANIA;https://auto.ru/artic/used/sale/scania/p_1/16454360-9fb23f36/;2018;Скан-Юго-Восток;Truck;5626601;4600000;423500;
Обслужена  есть все заказ наряды   Продается сцепкой с Касберер  так же 2018г  Возможны различные варианты продажи  С НДС  Срочно   ;auto.ru;29;VOLVO;https://auto.ru/artic/used/sale/volvo/fm_tractor/16446427-74f3cbe1/;2018;;Truck;8410216;6500000;400000;
Год выпуска 2015 445 000 пробег  мощность двигателя 408 л с    Тип КПП   АКПП объём   11 946 куб  см   Разре шенная максимальная масса   26000 кг  Масса без нагрузки   9300 кг Новая резина по кругу  В РосСпецАвто представлено более 20 автомобилей с пробегом и более 50единиц спецтехники с пробегом  а также новой спецтехники Shacman  Shaanxi  под заказ  РосСпецАвто   это надежная техника с пробегом  приобрести которую удобно  быстро и выгодно  Гарантия юридической чистоты  полный пакет документов  ПТС в наличии  Скидки на автомобиль обсуждаются индивидуально в салоне  РосСпецАвто является лидером рынка по продаже специализированной техники с пробегом  Возможно приобретение автомобилей и спецтехники в лизинг и кредит  сотрудничаем со всеми Банками и лизинговыми компаниями  оформление страховок ОСАГО и КАСКО  У Вас есть возможность выгодно обменять свой автомобиль или спец  технику по программе Trade in на понравившийся Вам вариант  Знакомьтесь с ассортиментом  выбирайте  звоните и приезжайте забирать  Осмотреть автомобили и можно по адресу  Краснодар  Ростовское шоссе 43 1;auto.ru;13;MERCEDES;https://auto.ru/artic/used/sale/mercedes/actros_t/15901520-c4fb9b9b/;2015;;Truck;4148064;3650000;445000;
Продается Р400  рессорная подвеска  21 тона  Было ДТП  тягач полностью восстановлен у официального дилера по страховке   запчасти ориг  сделано профессионально ;auto.ru;12;SCANIA;https://auto.ru/artic/used/sale/scania/p_1/16385974-35cb4623/;2017;;Truck;5983098;5300000;526000;
Камаз 65116 А5 в отличном состоянии   всё заводское не капиталка без дтп   кпп ZF 9   Пжд   салонный обогреватель  двигатель Cummins   Форма оплаты любая с НДС  Торг ;auto.ru;23;KAMAZ;https://auto.ru/artic/used/sale/kamaz/65116/16453500-942d4473/;2018;;Truck;2905921;2350000;76000;Цена с НДС
В связи со сменой парка   продам тягач Камаз 5490   Пробег 345 тыс  Отличное состояние   своевременное обслуживание в одном сервисе   все документы и история на руках   Чистый не прокуренный салон   Менялось все что требовал   Максимальная комплектация   люк   2 автономки и тд    коробка автомат   Из минусов   трещина на лобовом   Резина под замену   до зимы походит     Возможна продажа с ндс   За наличку сделаю скидку   Обмен на грузовую иномарку с моей доплатой   легковое Авто   лес   пиломатериал  ;auto.ru;29;KAMAZ;https://auto.ru/artic/used/sale/kamaz/5490/16577106-d42f11e4/;2015;;Truck;2189043;1690000;365000;
Остался полуприцеп Шмитц   Штора 94 куба с кониками   все загрузки   2011 г в  Подвеска пневмо   тормоза дисковые   инструментальный ящик и ящик под коники   В России с 2016 г  один хозяин   Полностью исправен и готов к работе   Торг при осмотре  ;auto.ru;56;MAZ;https://auto.ru/artic/used/sale/maz/5440/16530086-c28c53ee/;2016;;Truck;2028321;1300000;424000;
МАЗ простор в хорошем состоянии 2016 год Урал проходит на ура бригадиром никогда не был  все время в работе за 550т км не подводил ни разу замена масла каждые 18 20т км есть пжд и отдельно сухой фен российский тахограф с блоком скзи новый установлен меньше месяца назад откалиброван оттарирован и также с метрической поверкой все бумаги есть и в порядке резина в хорошем состоянии что на голове что на прицепе на прицепе стоят батоны перегрузов не видел никогда максимум 15тонн погрузка была только задняя так как по заявкам не ездили и не было необходимости в боковых и верхних погрузках за все время было всего три водителя более подробно отвечу абсолютно на все ваши вопросы так как машину и прицеп знаю с первых километров цена за тягач 1570000 полуприцеп 400000осмотр по договоренности так как машина не простаивает;auto.ru;28;MAZ;https://auto.ru/artic/used/sale/maz/5440/16373928-7c7e6f5c/;2016;;Truck;2018200;1570000;530000;
Седельный тягач Мерседес актрос 2548 LS 6 2  Немецкая сборка  Работали под рефрижераторами   Колесная формула  6 2  Год выпуска  декабрь 2015  Пробег  750 000 км   Мощность  480 л с   ДВС  V 6  Нагрузка на ССУ  25 т  Поворотная ось  КПП  полуавтомат  Два спальных места  Холодильник  кондиционер пневмо кресло ComfortAir  автономный отопитель  полный электропакет  Проведена полная предпродажная подготовка    Возможна покупка в кредит и лизинг  помощь в оформлении     Доставка по всей территории РФ    Цена С НДС    Обмен   Trade in  Одобрены во всех крупных лизинговых компаниях и банках  Сбербанк  ВТБ  Альфа лизинг  Европлан  Балтийский лизинг  НЛК  Сбербанк Лизинг  ВЭБ лизинг  Совкомбанк  Элемент лизинг и др  Компания Транзит Дон официальный дилер Krone  Sсhmitz  Kogel  Kassbohrer  Wielton  Koluman  Grunwald  Bonum  Bodex  Манак Авто  МЗ Тонар  ЧМЗАП  Работаем по всей России  В частности  Москва  Санкт Петербург  Батайск  Белгород  Волгоград  Воронеж  Казань  Краснодар  Ростов на Дону  Самара  Ставрополь  Уфа ;auto.ru;12;MERCEDES;https://auto.ru/artic/used/sale/mercedes/actros_t/16579042-77f42f90/;2015;Транзит-Дон Москва;Truck;5062062;4500000;745000;Цена с НДС
Седельный тягач Мерседес актрос 2548 LS 6 2  Немецкая сборка  Работал под рефрижератором  Колесная формула  6 2  Год выпуска  декабрь 2015  Пробег  750 000 км  Мощность  480 л с  ДВС  V 6  Нагрузка на ССУ  25 т  Поворотная ось  КПП  полуавтомат  Два спальных места  Холодильник  кондиционер пневмо кресло ComfortAir  автономный отопитель  полный электропакет  Проведена полная предпродажная подготовка  Стоимость с НДС  возможна продажа через лизинг  кредит ;auto.ru;12;MERCEDES;https://auto.ru/artic/used/sale/mercedes/actros_t/16603198-34a81317/;2015;Транзит-Дон Гипермаркет;Truck;5062062;4495000;740000;Цена с НДС
В наличии седельный тягач MAN TGS 19 400 4X2 BLS WW в отличном техническом состоянии  Цена указана с полным НДС 20   Тягач в эксплуатации с июня 2017 года  1 собственник согласно ПТС  Оригинальный пробег на одометре 277 803км  Подтвержден диагностикой двигателя  Любые проверки  Эксплуатировался в сцепке с промтоварным полуприцепом  перевозил товары собственного производства  Резина с остатком протектора 80   Объем двигателя  см3  10518 Мощность  л с   400 Экологический класс  4 Высота седла  1150 Гаражный номер  5 ID товара  92692 Статус  В наличии На тягач установлены     рядный 6 ти цилиндровый дизельный двигатель D20    8 ми ступенчатая механическая коробка передач ZF  с делителем  В комплектации    антиблокировочная система  АBS     горный тормоз   интардер    сухой автономный отопитель    электропривод и обогрев зеркал    электростеклоподъёмники    кондиционер    климат контроль    тахограф    магнитола    огнетушитель    домкрат    буксировочный крюк    баллонный ключ  Установлены шины одного размера на всех осях 315 70R22 5  Приобрести седельный тягач MAN TGS 19 400 4X2 BLS WW можно как за собственные средства так и на самых выгодных условиях в кредит или лизинг  ГРУЗ СОЮЗ предоставляет пожизненную гарантию юридической чистоты ;auto.ru;12;MAN;https://auto.ru/artic/used/sale/man/tgs/16537522-989fc5b0/;2017;ГРУЗ СОЮЗ;Truck;4379598;3890000;277803;
ОТС   кабина макси тахограф  рация  музыка  фен сухой мокрый электро стеклоподъемники новая резина  глонасс  аппаратура ЯЗДА с момента покупки один водитель по сегодняшний день;auto.ru;24;KAMAZ;https://auto.ru/artic/used/sale/kamaz/6460/16553866-b309488d/;2017;;Truck;2949274;2370000;154000;
КАМАЗ 5490 2015 год   Проверен у дилера  замечаний нет  Есть более дорогие варианты с меньшими пробегами  Возможен обмен с доплатой  на тягач Евро 5 6 не старше 2018 года с двумя спальниками ;auto.ru;10;KAMAZ;https://auto.ru/artic/used/sale/kamaz/5490/16597950-1f093426/;2015;;Truck;1935262;1750000;451000;
Продам грузовой седельный тягач МАЗ 6430В9 1420 012  пробег 150 000 км  2017 года  11 000 куб  см   6 4  имеются дефекты по кабине  торг ;auto.ru;78;MAZ;https://auto.ru/artic/used/sale/maz/6430/16583626-eee7ad29/;2017;;Truck;2677233;1500000;150000;
Продается тягач VOLVO FM 6 4  в отличном состоянии  Своевременное техническое обслуживание  Не требует дополнительных вложений ;auto.ru;13;VOLVO;https://auto.ru/artic/used/sale/volvo/fm_tractor/16584904-e7a75ac3/;2016;;Truck;6248642;5500000;312000;
Седельный тягач Камаз 2016 года Один собственник  ПТС оригинал  эксплуатация с 02 2016  Тягач работал с тентовым полуприцепом  Не имеет технических и юридических проблем  Плюсы     Своевременное техническое обслуживание   Перед продажей проводилась полная диагностика   Магистральное использование   Без перегрузов Минусы  Незначительные косметические дефекты Рекомендации  сделать ТО Техническое описание     Год изготовления  2016   Изготовитель  Россия   Объем двигателя  куб см  11 967   Разрешенная максимальная масса  кг  18 600   Масса без нагрузки  кг  7 900   Экологический класс  ЕВРО 5   Мощность двигателя  л с  401   Тип КПП  Механическая   Колесная формула  4х2   Тип подвески  Пневмо рессорная   Пробег  км  507 000 Дополнительная информация    Кондиционер   Инструментальный ящик   Спойлер   Солнцезащитный козырек   Автономный отопитель   Тахограф   Люк   Электростеклоподъёмники   ABS   Межколесная блокировка   1 спальное место   2 топливных бака Глобал Трак Сейлс   официальный дилер Mercedes Benz  KRONE  Sсhmitz Cargobull  Fliegl  Kassbohrer  Kogel  MAN  Wielton  Zaslaw  ТверьСтройМаш  Возможно приобретение техники в кредит лизинг   Мы являемся аккредитованной компанией в таких лизинговых  как Европлан  ВТБ Лизинг  Вэб лизинг  Элемент лизинг  Балтийский Лизинг ;auto.ru;12;KAMAZ;https://auto.ru/artic/used/sale/kamaz/5490/16339302-dba218ac/;2016;Global Truck Sales Москва Север;Truck;1892905;1690000;507000;
Продается сцепка  Прицеп Wielton  Возможны различные варианты продажи  Срочно  По всем вопросам   звоните  Так же есть еще 6 сцепок ;auto.ru;25;VOLVO;https://auto.ru/artic/used/sale/volvo/fh_tractor/16593718-ee89bb71/;2018;;Truck;9067711;7200000;500000;
Седельный тягач КАМАЗ 65116 ЕВРО 4 в наличии  Cummins ISB6 7e4 300  Е 4   Мощн дв    298 л с  КПП   ZF9 Год выпуска  2015 Состояние нового автомобиля  Пробег 95 тысяч  Новая резина  впереди рулевая Bontair  Кабина со спальным местом  европанель  пневмосидения  Кабина   рейстайлинговая кабина  аэродинамичный козырек  Межколесная блокировка  Межосевая блокировка  ABS Топл бак  л   350 Шины   11 00R22 5 Колесная формула   6х4  Высота ССУ   1255 1330 Грузоподъемность   15т  Полностью заводской автомобиль  Возможно произвести любое переоборудование в органах ГИБДД с внесением всех данных Любое удлиненние с передвижкой колесной базы  Камаз самосвал 65115 Камаз 65115 самосвал Камаз 65115 шасси Камаз зерновоз Камаз кму;auto.ru;12;KAMAZ;https://auto.ru/artic/used/sale/kamaz/65116/16494740-dd0bd2d3/;2015;;Truck;1805669;1600000;95000;
Продаётся КАМАЗ 2015 года  в связке с п п  тоже 2015 г в   состояние ТС удовлетворительное  Рассмотрим вариант рассрочки  цена будет уже дороже  рассрочка максимум на 5 месяцев  первый взнос 20   Так же продаём отдельно тягач  отдельно прицеп  Все вопросы по телефону  Цена указана за наличный расчёт  Камазы в Братске  Обмен только на деньги ;auto.ru;21;KAMAZ;https://auto.ru/artic/used/sale/kamaz/53504/16197468-9b4e128c/;2015;;Truck;2377058;1950000;50000;
Actros 1845 LS 4x2 Big Space 3700 mm wheelbase 18000 kg  Своевременное техническое обслуживание   Готов к эксплуатации ;auto.ru;27;MERCEDES;https://auto.ru/artic/used/sale/mercedes/actros_t/16610952-988ce011/;2015;;Truck;3695533;2900000;946372;
Тягач в отличном состоянии 1 хозяин  коробка zf16 машину покупали в конце 2016 года  Пробег данный момент 400000 км  двигатель WP 10  420 л с  мочевина отключено  АКБ новый в Декабре 2019 г  покупали  Могу продать с прицепом  прицеп Кроне шторка 2007 г  ПРИЦЕП ОТДЕЛЬНО не продаю  Цена сцепки 2200 000 руб  торг Готов к эксплуатации  Торг возможен при осмотре ;auto.ru;18;MAZ;https://auto.ru/artic/used/sale/maz/5440/16339038-910a17c1/;2016;;Truck;2015621;1700000;400000;
Адрес стоянки   трасса М 7  Павловский Посад   МО Год выпуска  2015 г  Пробег  949 00 км  Двигатель  441 л  с   324 кВт  12740 см3 Дизель Топливная система PDE Подвеска  рессорная Колесная формула  6x4 КПП  Механическая Ретардер  Кабина  Спальная с 2 спальниками Собственный вес  10 300 кг  Полная масса  33 500 кг  Борт  компьютер  Электр  зеркала  Электр  стекла  Круиз контроль  Люк  Гидравлика  Автономный отопитель  Магнитола Радио  Кондиционер  ABS  ASR  SCANIA G440 CA6X4HSZ Производство   Швеция  Цена указана с НДС ;auto.ru;32;SCANIA;https://auto.ru/artic/used/sale/scania/g/16594910-13f81206/;2015;Ферронордик Машины;Truck;4770199;3600000;949000;Цена с НДС
Продаю МАЗ 5440   Машина   в хорошем техническом состоянии  Чистый ухоженный салон  Стоит предпусковой подогреватель и отопитель кабины   все работает   Перегрузы не возил  Коробка ZF  Нареканий по машине нет  обслуживалась в МАЗ сервисе  3000 назад было проведено плановое ТО  Так же  можно приобрести процеп МАЗ цена 750 000  шторка  верх  бок    Перевозили в основном муку и комбикорма  без перегрузка  Техника в  хорошем техническом состоянии  вложений не требует  Пробег реальный  Автомобиль оформлен на организацию   Будут вопросы звоните  Готов к эксплуатации  Не требует дополнительных вложений  Посреднические услуги не предлагать  Своевременное техническое обслуживание  Цена указана с НДС  Торг возможен при осмотре ;auto.ru;19;MAZ;https://auto.ru/artic/used/sale/maz/5440/16498704-98842976/;2016;;Truck;1433623;1200000;249335;
Код предложения 2183456 ФЛ НБЧ 19 Покупая автомобиль в Европлан   Вы получаете 100  гарантию законности сделки  профессиональный и индивидуальный подход  быстрое заключение договора  различные варианты оформления  Автомобиль приобретался у официального дилера и принадлежит компании Европлан  то есть не находится в кредите  залоге или розыске  Год выпуска  2019 Страна  Россия Пробег 21 000 км  Номер шасси  XTC651165K1410852 Цвет  Синий RAL 5010 Тип двигателя  Дизель Изготовитель  ПАО  КАМАЗ   Седельные тягачи Евро 5   65116 A5 Колесная формула  6х4  Тип ошиновки   2  Г П  15 575  Мощн  двиг   л с    292 4 л с   объем двигателя  6700 куб  см   КПП  ZF9   V платф   куб м   0  Cпальное место   1  Особенности комплектации автомобиля   МКБ  МОБ  дв  Cummins ISB6 7E5 300  Е 5    ТНВД BOSCH  система нейтрализ   ОГ AdBlue   аэродинам козырек   Модификация  65116 A5  Седельный тягач  6 700 куб  см   292 л с   МКПП 6x4;auto.ru;11;KAMAZ;https://auto.ru/artic/used/sale/kamaz/65116/16543520-45cf22ba/;2019;Европлан Краснодар;Truck;3468080;3099999;21000;
Тягач Камаз 5490 полностью готов в рейс  Состояние отличное  согласно оценке сайта ПРО АВТО  Установлена резина  1 ось   315 70 R22 5  Остаток протектора резины  1 ось   11 7 мм  2 ось   7 6 мм  КАК МЫ ПРОВЕРЯЕМ ТЕХНИКУ Мы продаем только проверенную технику и показываем ее реальное состояние  Наши специалисты проводят диагностику с помощью оборудования AutoCom  проводят полный осмотр каждой единицы и снимают процесс на видео  Показываем технику так  как если бы вы ее осматривали сами  Сертификат  где указаны все плюсы и минусы   а также видеообзор вы можете запросить у нашего менеджера  просто позвонив по телефону  КАК ПРИОБРЕСТИ Купить можно как за собственные средства  так и в Лизинг Кредит  Мы сотрудничаем с 26 лизинговыми компаниями и банками  Подберем для вас лучшие предложения на рынке  ;auto.ru;36;KAMAZ;https://auto.ru/artic/used/sale/kamaz/5490/16554280-0dbea11f/;2015;PRO АВТО;Truck;1975310;1450000;746229;
Плюсы    Комплексная предпродажная подготовка   На руках диагностика  проведена перед продажей   хорошая компрессия  рабочее состояние   Хороший остаток резины   Цена указана с НДС  Техническое описание     Год изготовления  2016   Изготовитель  Россия   Объем двигателя  куб см  11 967   Разрешенная максимальная масса  кг  18 600    Масса без нагрузки  кг  7 900   Экологический класс  ЕВРО 5   Мощность двигателя  л с  401   Тип КПП  Механическая   Колесная формула  4х2   Тип подвески  спереди рессорная  сзади  полурессорная   Пробег  км  685 458 Дополнительная информация    Магнитола   Кондиционер   Инструментальный ящик   Спойлер   Солнцезащитный козырек   Автономный отопитель   Тахограф   Люк   Электростеклоподъёмники   ABS   Межколесная блокировка   1 спальное место   2 топливных бака Глобал Трак Сейлс   официальный дилер Mercedes Benz  KRONE  Sсhmitz Cargobull  Fliegl  Kassbohrer  Kogel  MAN  Wielton  Zaslaw  ТверьСтройМаш  Возможно приобретение техники в кредит лизинг   Мы являемся аккредитованной компанией в таких лизинговых  как Европлан  ВТБ Лизинг  Вэб лизинг  Элемент лизинг  Балтийский Лизинг ;auto.ru;19;KAMAZ;https://auto.ru/artic/used/sale/kamaz/5490/16333482-74c9a250/;2016;Global Truck Sales Санкт-Петербург;Truck;1892905;1590000;685458;
Продам  В хорошем состоянии ;auto.ru;51;KAMAZ;https://auto.ru/artic/used/sale/kamaz/5490/16506482-51c89687/;2015;;Truck;2043723;1350000;638000;
;auto.ru;15;MAZ;https://auto.ru/artic/used/sale/maz/5440/16545588-2e570395/;2017;;Truck;2540048;2200000;264100;
Колесная формула   6Х6   Модель двигателя   ЯМЗ 6585 10  Евро 4    Мощность двигателя   420 л с   Тип КПП   12JS200TA  механ  12 ти ступ     Кабина   большая с 2 спальными местами   Полная масса автопоезда   45000  Нагрузка на седло   17400  Высота ССУ  мм   1550   Подвеска   Задняя подвеска рессорная   Топливный бак  л   350   Шины   12 00R20   ABS   есть  ПЖД   есть  МКБ   есть   МОБ   есть   Выхлоп вверх   есть   Посреднические услуги не предлагать  Возможна продажа в кредит  Цена указана с НДС  Готов к эксплуатации ;auto.ru;76;MAZ;https://auto.ru/artic/used/sale/maz/6425/16265202-ab4c1ef1/;2016;;Truck;2749847;1554000;85000;
Машина в отличном состояние  пжд 14  фен 3кв  Резина новая в круг  Рация  кабина утеплённая  в мостах масло импортное  КПП 12 ступенчатая китайка  За авто не стыдно  Очень хороший и ухоженный авто  Состояния нового авто  Не напрягался весь срок эксплуатации  Под лесом не ходил  под сыпучими грузами тоже  Максимально 15тон возит ;auto.ru;31;MAZ;https://auto.ru/artic/used/sale/maz/6425/16193546-45106604/;2016;;Truck;2753617;2100000;80000;
Мы бережем Ваше время  поэтому готовы провести презентацию автомобиля дистанционно    снимем подробный видеообзор   выйдем в онлайн показ   проведем тест драйв  Подробности узнавайте по телефону __________ ЦЕНА С НДС Тягач с немецким двигателем Daimler OM 457LA мощностью 401 л с  Задний мост Daimler HL6  Автоматическая коробка ZF   На КАМАЗе установлено два топливных бака  400 400   датчик НАГРУЗКИ на ведущий мост  Высота ССУ   1 150 мм   Предпусковой подогреватель  Адверс  14ТС  Кондиционер  фен  подогрев сидений  электропривод люка  Тягач работал со шторным полуприцепом  Техника  продаваемая Глобал Трак Сейлс  проходит через полный комплекс предпродажной подготовки  Проводится диагностика ДВС  топливной системы  ходовой части  Производится чистка салона  а также устраняются посторонние запахи посредством обработки салона тягача технологией  Сухой туман  Техника готова к работе сразу после продажи  Техническое описание    Год изготовления  2015   Колёсная формула  4х2   Мощность двигателя  л с  401   Объем двигателя  куб см  11 967   Изготовитель  ПАО КАМАЗ   Разрешенная максимальная масса кг  18 600   Масса без нагрузки  кг  7 900   Грузоподъемность  кг  10 700   Экологический класс  ЕВРО 5   Тип КПП  Механическая    Пробег  км  596 371     Дополнительная информация     Инструментальный ящик   Спойлер   Противотуманные фары   Солнцезащитный козырек   Автономный отопитель   Кондиционер   Люк   Электростеклоподъёмники   ABS   Межколесная блокировка   Электрорегулировка зеркал   Количество спальных мест  2   Количество баков  2 Глобал Трак Сейлс   официальный дилер Mercedes Benz  KRONE  Schmitz Cargobull  MAN  Fliegl  Kassbohrer  Zaslaw  Kogel  ТОНАР  ТверьСтройМаш и многих других российских и европейских производителей грузовой техники Торговый партнер Global Truck Service  Мы являемся аккредитованной компанией во всех известных на рынке лизинговых компаниях и банках  ФМФ Лизинг  БайкалИнвест  Альфа Лизинг  Европлан  ВТБ Лизинг  Балтийский Лизинг  Сбербанк  Газпромбанк и др    Возможно приобретение техники в кредит лизинг ;auto.ru;27;KAMAZ;https://auto.ru/artic/used/sale/kamaz/5490/16570798-fe0b13de/;2015;Global Truck Sales Екатеринбург;Truck;1975310;1550000;596371;Цена с НДС
08783 КРК 18 Л Авто принадлежит лизинговой компании  Альфа лизинг  не находится в залоге или под арестом  Оформление напрямую от лизинговой компании  без участия 3х лиц  Продажа с полным НДС  Возможно оформление в лизинг ;auto.ru;18;MAZ;https://auto.ru/artic/used/sale/maz/6430/16440206-1279aa66/;2018;Альфа-Лизинг Россия;Truck;3087716;2610000;151182;
В связи с окончанием лизинга продаётся  ам Scania G400LA6x2 4HNA ADR FL 2017 год один  собственник  машина с АДР подготовкой   ДОПОГ    средний подъемный поворотный мост  коробка ручная Обслуживалась по сервисному контракту Есть магнитола  рация  тахограф  автономка  холодильник Цена БЕЗ НДС;auto.ru;27;SCANIA;https://auto.ru/artic/used/sale/scania/g/16553772-0571d8a1/;2017;;Truck;7675032;6000000;580000;
Компания  Форсаж  представляет вашему вниманию седельный тягач МАЗ 6430С9 2018 года  У тягача высокая кабина с двумя спальными местами   Приобрести технику можно в лизинг или в кредит  Цена на технику указана с НДС  Технические данные  Двигатель   ЯМЗ 650  DCi11 Renault Trucks  Рабочий объём   11 1 литр Мощность   420 л с  Экологический класс   Евро 5 Коробка передач   механическая 16 ступенчатая с делителем ZF Колёсная формула   6х4  Разрешенная максимальная масса   26 100 кг Масса без нагрузки   10 100 кг Грузоподъёмность   16 000 кг Подвеска   рессорная Тормоза   барабанные  Тягач оснащён гидравлическим оборудованием  Комплектация  Система безопасности ABS Система безопасности EBS  Сухой автономный отопитель салона  Предпусковой подогреватель Пневматическое сидение водителя и пассажира Обогрев зеркал Тахограф Рация Седельный тягач МАЗ 6430С9 полностью готов к новой работе  Звоните и приезжайте к нам на осмотр техники в компанию  Форсаж  ;auto.ru;21;MAZ;https://auto.ru/artic/used/sale/maz/6430/16508168-ae50d994/;2018;Форсаж;Truck;3016089;2490000;183238;
Седельный тягач Volvo FM 2016 г в Высокая кабина  на полностью воздушной подвеске второй и третьей оси  Один собственник  Не имеет технических проблем  полностью готов к работе  Салон в очень хорошем состоянии  ухоженный  Отличный остаток рулевой резины Firestone  около 70    абсолютно новая резина на третьей оси  Плюсы  Бережная эксплуатация одним аккуратным водителем  цена с полным НДС  Минусы  Остаток резины на второй оси порядка 15   Рекомендации  проведение планового ТО перед рейсом  Техническое описание     Год изготовления  2016   Изготовитель  Россия   Объем двигателя  куб см  12 777   Разрешенная максимальная масса  кг  34 000   Масса без нагрузки  кг  9 513   Экологический класс  ЕВРО 4   Мощность двигателя  л с  428   Тип КПП  Автоматическая   Колесная формула  6х4   Тип подвески  Пневмо рессорная   Пробег  км  460 930 Дополнительная информация    Инструментальный ящик   Магнитола   Противотуманные фары   Солнцезащитный козырёк   Кондиционер   Магнитола   Тахограф   Люк   Электростеклоподъемники   1 спальное место   2 топливных бака Глобал Трак Сейлс   официальный дилер Mercedes Benz  KRONE  Sсhmitz Cargobull  Fliegl  Kassbohrer  Kogel  MAN  Wielton  Zaslaw  ТверьСтройМаш  Возможно приобретение техники в кредит лизинг   Мы являемся аккредитованной компанией в таких лизинговых  как Европлан  ВТБ Лизинг  Вэб лизинг  Элемент лизинг  Балтийский Лизинг ;auto.ru;14;VOLVO;https://auto.ru/artic/used/sale/volvo/fm_tractor/16384332-b243cc72/;2016;Global Truck Sales Санкт-Петербург;Truck;6248642;5480000;460930;
Седельный тягач Камаз 5490 S5 2015 г в   Один собственник  эксплуатация с конца 2015 года   Регулярные ТО  с подтверждением сервисной истории   Хорошая комплектация  2 спальных места  2 топливных бака    Остаток резины по кругу более 40    Ходил исключительно под шторой  перевозил легкие грузы   Цена указана с НДС Техническое описание     Год изготовления  2015   Изготовитель  Россия   Объем двигателя  куб см  11 967   Разрешенная максимальная масса  кг  18 600   Масса без нагрузки  кг  7 900   Экологический класс  ЕВРО 5   Мощность двигателя  л с  401   Тип КПП  Механическая   Колесная формула  4х2   Тип подвески  Спереди рессорная  сзади  полурессорная   Пробег  км  707 511 Дополнительная информация    Магнитола   Кондиционер   Инструментальный ящик   Спойлер   Солнцезащитный козырек   Автономный отопитель   Тахограф   Люк   Электростеклоподъёмники   ABS   Межколесная блокировка   2 спальных места   2 топливных бака Глобал Трак Сейлс   официальный дилер Mercedes Benz  KRONE  Sсhmitz Cargobull  Fliegl  Kassbohrer  Kogel  MAN  Wielton  Zaslaw  ТверьСтройМаш  Возможно приобретение техники в кредит лизинг   Мы являемся аккредитованной компанией в таких лизинговых  как Европлан  ВТБ Лизинг  Вэб лизинг  Элемент лизинг  Балтийский Лизинг ;auto.ru;22;KAMAZ;https://auto.ru/artic/used/sale/kamaz/5490/16537080-4204959c/;2015;Global Truck Sales Санкт-Петербург;Truck;1975310;1610000;707511;
Своевременное техническое обслуживание  Не требует дополнительных вложений  Торг возможен при осмотре ;auto.ru;13;KAMAZ;https://auto.ru/artic/used/sale/kamaz/5490/16296706-4591b5d1/;2017;;Truck;2274507;2000000;360000;
Scania R400 2015г     цена указана с НДС 3 65 с НДС   средний пробег 1 259 931 км   все пробеги реальные  Швеция  400 л с   12 740 куб см    ЕВРО 4  коробка передач автоматическая Opticruise  2 спальных места  2 топливных бака  500 и 700   автономный отопитель  кондиционер  тахограф  магнитола  холодильник  люк  топливная система PDE  круиз контроль  Дополнительные фото по запросу    ПТС оригинал  продажа от собственника  один хозяин    Торг при осмотре  Готов к эксплуатации ;auto.ru;11;SCANIA;https://auto.ru/artic/used/sale/scania/r_1/16587326-0d9fb976/;2015;;Truck;4051607;3650000;1077058;
Седельный тягач Volvo FH 420 4x2 2018 г Усиленная рама  передаточное отношение 2 85 под самосвал  Тягач на пневмоподвеске  гидрофицирован  Обслуживание только у официалов в вольво центре  Весь пробег трассовый  без гор  Вложений не требует  производство Бельгия  Цена указана с НДС  Лизинг  кредит  В сцепке в полуприцепом Касбёрер 27 м3  прицеп отдельно 1 9 с НДС;auto.ru;13;VOLVO;https://auto.ru/artic/used/sale/volvo/fh_tractor/16614968-4de2a456/;2018;ЕвроТрак Mercedes-Benz Пермь;Truck;6577427;5800000;390000;Цена с НДС
В продажу поступил седельный тягач Камаз 65206 S 5 Год выпуска  2016 Пробег  437 468 км  Двигатель  Mersrdes Benz OM 457LA  12 литров  400 л с   Автоматическая коробка передач  АКПП  Экологический класс  Евро 5 Масса без нагрузки 9 175 кг Максимальная масса 26 000 кг  Передняя подвеска   рессорная  Задняя подвеска   пневматическая Блокировка межосевого дифференциала  Автономный отопитель кабины EBERSPACHER Люк на крыше Кондиционер Тахограф ADR Проведены необходимые юридические и технические проверки Цена указана с НДС  Возможна продажа в лизинг и кредит  Авто принадлежит компании  АЛЬФА ТРАК  не находится в залоге или под арестом  Оформление напрямую от компании  без участия 3х лиц  На нашей площадке огромный выбор техники  тягачи  полуприцепы  грузовики  спецтехника  Перед приездом к нам  свяжитесь с ведущим менеджером для записи на тест драйв и осмотра техники ;auto.ru;13;KAMAZ;https://auto.ru/artic/used/sale/kamaz/65206/16277026-32374cb0/;2016;Альфа Трак;Truck;2786560;2450000;437531;
Официальный дилер  С НДС  ADR   ПАКЕТ  Scania P 440   ТОПЛИВНАЯ  СИСТЕМА PDE ОДИН ВЛАДЕЛЕЦ   ЕВРО 5   МАКСИМАЛЬНОЙ КОМПЛЕКТАЦИИ   440 л с  холодильник  автономный отопитель  1 спальное место  МКПП  круиз контроль  кондиционер  полный электропакет  топливная система PDE  хорошая резина и мн  другое   САМЫЕ ВЫГОДНЫЕ УСЛОВИЯ ПО ФИНАНСИРОВАНИЮ  ЛИЗИНГ  КРЕДИТ  TRADE IN  ВОЗМОЖНА РАССРОЧКА ЛЮБАЯ ФОРМА ОПЛАТЫ  НАЛИЧНАЯ   БЕЗНАЛИЧНАЯ  НДС  ПОЛНОЕ СОПРОВОЖДЕНИЕ СДЕЛКИ В КРОТЧАЙШИЕ СРОКИ  ЭКСПЛУАТАЦИЯ   01 2018г  ВЫПУСК   11 2017г;auto.ru;10;SCANIA;https://auto.ru/artic/used/sale/scania/p_1/16575762-3d5e28fe/;2017;БорнТракСервис;Truck;5349539;4850000;285000;Цена с НДС
Продам Камаз 65116 А4  в отличном состоянии  С прицепом или без  Машина полностью обслужена  проблем нет  Более подробно по телефону  Рассмотрю любой вид продажи  звоните  пишите  Торг конечно есть ;auto.ru;16;KAMAZ;https://auto.ru/artic/used/sale/kamaz/65116/16552188-4a77eb2f/;2017;;Truck;2788085;2400000;149000;
В собственности на Юр  лице   ;auto.ru;21;KAMAZ;https://auto.ru/artic/used/sale/kamaz/5490/16579594-d7ad2eaf/;2015;;Truck;2181700;1800000;556778;
Мы бережем Ваше время  поэтому готовы провести презентацию автомобиля дистанционно    снимем подробный видеообзор   выйдем в онлайн показ   проведем тест драйв  Подробности узнавайте по телефону __________ ЦЕНА С НДС Тягач с немецким двигателем Daimler OM 457LA мощностью 401 л с  Задний мост Daimler HL6  Автоматическая коробка ZF   На КАМАЗе установлено два топливных бака  400 400   датчик НАГРУЗКИ на ведущий мост  Высота ССУ   1 150 мм   Предпусковой подогреватель  Адверс  14ТС  Кондиционер  фен  подогрев сидений  электропривод люка  Тягач работал со шторным полуприцепом  Техника  продаваемая Глобал Трак Сейлс  проходит через полный комплекс предпродажной подготовки  Проводится диагностика ДВС  топливной системы  ходовой части  Производится чистка салона  а также устраняются посторонние запахи посредством обработки салона тягача технологией  Сухой туман  Техника готова к работе сразу после продажи  Техническое описание    Год изготовления  2015   Колёсная формула  4х2   Мощность двигателя  л с  401   Объем двигателя  куб см  11 967   Изготовитель  ПАО КАМАЗ   Разрешенная максимальная масса кг  18 600   Масса без нагрузки  кг  7 900   Грузоподъемность  кг  10 700   Экологический класс  ЕВРО 5   Тип КПП  Автоматическая    Пробег  км  425 578       Тип подвески  Пневмо рессорная Дополнительная информация     Два топливных бака   Инструментальный ящик   Спойлер   Противотуманные фары   Солнцезащитный козырек   Автономный отопитель   Кондиционер   Тахограф   Магнитола   Люк   ABS   Межколесная блокировка   Количество спальных мест  2   Количество баков  2 Глобал Трак Сейлс   официальный дилер Mercedes Benz  KRONE  Schmitz Cargobull  MAN  Fliegl  Kassbohrer  Zaslaw  Kogel  ТОНАР  ТверьСтройМаш и многих других российских и европейских производителей грузовой техники Торговый партнер Global Truck Service  Мы являемся аккредитованной компанией во всех известных на рынке лизинговых компаниях и банках  ФМФ Лизинг  БайкалИнвест  Альфа Лизинг  Европлан  ВТБ Лизинг  Балтийский Лизинг  Сбербанк  Газпромбанк и др    Возможно приобретение техники в кредит лизинг ;auto.ru;35;KAMAZ;https://auto.ru/artic/used/sale/kamaz/5490/16573398-86d13c53/;2015;Global Truck Sales Екатеринбург;Truck;2152281;1590000;425578;Цена с НДС
Организация продает тягач седельный MAN TGX Местонахождение  Кемерово Год выпуска по ПТС  2017г  В эксплуатации с 2018 г  Пробег  351 000 км Состояние  нормальный износ  полностью исправен  готов к работе  Масса без нагрузки  7 454 кг Разрешенная максимальная масса  19 000 кг Мощность двигателя  400 л с  Объем двигателя  10 518 куб см Цена  4 550 000 руб   возможна продажа по безналичному расчету с учетом НДС  Возможно оформление в кредит  лизинг при наличии первоначального взноса в размере не менее 25  ;auto.ru;15;MAN;https://auto.ru/artic/used/sale/man/tgx/16426810-57e61dba/;2018;ГК САЛК;Truck;5274557;4550000;351000;
Продается MAN TGS 19 400 4х2 BLS WW  400 л с   2017 г выпуска  куплен в лизинг в сентябре 2017г  Один собственник  Своевременное техническое обслуживание  эксплуатировался одним водителем  Возможна продажа с НДС ;auto.ru;27;MAN;https://auto.ru/artic/used/sale/man/tgs/16444086-b2eef300/;2017;;Truck;4658698;3650000;480000;
Продаю КАМАЗ  Ездил один человек   Машина в идеальном состоянии  Электропривод подъема кабины  Чистый двигатель и МКПП без подтёков  Всё работает  Техобслуживание по регламенту  Чистый салон в максимальной комплектации  Абсолютно честная машина за реальные деньги  Любые проверки  в автосервисах  за Ваш счёт   Убедительная просьба  не звоните стоянки из Люберец  Капотни  прочих городов и весей нашей Родины  Я не поставлю его никуда  помогать не надо ;auto.ru;36;KAMAZ;https://auto.ru/artic/used/sale/kamaz/5490/16593748-6ac0ff2e/;2015;;Truck;2047128;1500000;414426;
ЦЕНА С НДС Двигатель 428 л с  Кабина на пневмоподвеске  электроподъем кабины   Проведена предпродажная подготовка  диагностика ДВС и топливной  Проведен капитальный ремонт двигателя  Подтверждающие заказ наряды по запросу  Техническое описание     Год изготовления  2015   Изготовитель  Россия   Колесная формула  4х2   Мощность двигателя  л с  428   Объем двигателя  куб см  11 967   Разрешенная максимальная масса  кг  18 600    Масса без нагрузки  кг  7 900   Грузоподъемность  кг  10 700   Экологический класс  ЕВРО 5   Тип КПП  Механическая   Пробег  км  638 646   Тип подвески  Пневматическая Дополнительная информация    Два топливных бака   Инструментальный ящик   Подзапасник   Спойлер   Противотуманные фары   Солнцезащитный козырек   Автономный отопитель   Кондиционер   Тахограф   Магнитола   Люк   Электростеклоподъёмники   ABS   Межколесная блокировка   Количество спальных мест  2 Глобал Трак Сейлс   официальный дилер Mercedes Benz  KRONE  Schmitz Cargobull  MAN  Fliegl  Kassbohrer  Zaslaw  Kogel  ТОНАР  ТверьСтройМаш и многих других российских и европейских производителей грузовой техники  Торговый партнер Global Truck Service   сети сервисных станций по ремонту и обслуживанию импортной грузовой автотехники  Мы являемся аккредитованной компанией во всех известных на рынке лизинговых компаниях и банках  ФМФ Лизинг  БайкалИнвест  Альфа Лизинг  Европлан  ВТБ Лизинг  Балтийский Лизинг  Сбербанк  Газпромбанк и др    Возможно приобретение техники в кредит лизинг ;auto.ru;28;KAMAZ;https://auto.ru/artic/used/sale/kamaz/5490/16400696-c1844f32/;2015;Global Truck Sales Екатеринбург;Truck;2043723;1590000;638646;
Автомобиль в отличном состоянии  Куплен новым в 2017 году  по птс 2016 года выпуска  пробег оригинальный   440 000 км  ДВС 401 л с  Mercedes Benz Axor Euro 5    топливный бак 760 л    МКПП  ZF16S  з адний мост Мерседес Даймлер HL6 на пневмо подвеске  кабина Mercedes Benz Axor  высокая   кондиционер  отопитель кабины Eberspaecher Airtronic D2 24V  тахограф российского стандарта с блоком СКЗИ  Остаток резины 50  ;auto.ru;25;KAMAZ;https://auto.ru/artic/used/sale/kamaz/5490/16609419-dcabb9cb/;2016;EL TRUCKS;Truck;2191729;1750000;440000;
Продается Грузовой тягач седельный IVECO STRALIS AT440S48T PRR  4х2 конец 2018 года выпуска в хорошем состоянии  Пробег 109 тыс км  Есть еще варианты тягачей 4х2 2018г с аналогичными пробегами и состоянием  Звонить и осмотр в рабочее время    Обмен  Лизинг не возможны  Предложение ограниченно по времени  Местонахождение  Ставропольский край  с  Надежда  МКР 1;auto.ru;14;IVECO;https://auto.ru/artic/used/sale/iveco/stralis_tractor/16560590-6ed4a025/;2018;;Truck;4985438;4350000;109000;
Код предложения  1853521 ФЛ ВРН 18 Автомобиль приобретался у официального дилера и принадлежит компании АО  ЛК Европлан    соответственно юридически чистый  не находится в кредите  залоге или розыске   Покупая автомобиль в Европлан   Вы получаете    100  Гарантию законности сделки    Профессиональный подход к сделке  Год выпуска  2018 Страна  ИСПАНИЯ   ПТС  423129 Серия ПТС  78 УХ ПТС дата выдачи  16 02 2018 Кем выдан ПТС  Центральная акцизная таможня Номер двигателя  022207253 Модель двигателя  F3AE3681D S Номер кузова  ОТСУТСТВУЕТ Номер шасси  WJMM1VSH40C391391 Цвет  белый Тип двигателя  ДИЗЕЛЬНЫЙ Модификация  AT440S42T P RR  Тягач седельный  10 308 куб  см   420 л с   МКПП  Двигатель 10308 куб см   420 л с  Высокая кабина ОСНОВНЫЕ РАЗМЕРЫ И МАССЫ Основные размеры  мм Масса  кг A Колёсная база 3800 Колёсная база 3800 B Длина ТС 6250 Макс  масса ТС   19000 C Передний свес 1410 Макс  масса автопоезда   50000 D Задний свес 1048 Макс  грузоподъёмность   12270 E Макс  ширина кабины 2550 Снаряжённая масса ТС 6730 F Расстояние от передней оси  В том числе на переднюю ось 4815  до задней стенки кабины 940 В том числе на заднюю ось 1915 K Высота кабины без нагрузки  2985 Радиус разворота стена стена 7365 L Высота по раме без нагрузки  982 Радиус разворота обочина обочина 6700 M Колея передних колёс 2049 Высота рамы у перед  оси 1005 N Колея задних колёс 1818 Высота рамы у зад  оси 983 P Минимальный дорожный просвет 214 Описание автомобиля Колесная формула   4х2 Исполнение кабины   Active Time  AT  Высокоя кабина 2 спальное место Двигатель   10300 см3  420 л с   турбо дизель  EURO 5 КПП   ZF 16S 1920 TD  16 ти ступенчатая  механическая  Колёсная база  мм    3800 Нагрузки на оси  кг    7500   13000 Двигатель   CURSOR 10   Eвро5      Дизельный 6 ти цилиндровый рядный  оснащенный системой турбонаддува с изменяемой геометрией  VGT   с клапаном сброса избыточного давления выхлопных газов на входе в турбину и промежуточным охладителем подаваемого в цилиндры воздуха  Впрыск топлива в цилиндры осуществляется посредством индивидуальных для каждого цилиндра  насос форсунок  и электронной системы подачи топлива  EDC   Система SCR катализации выхлопных газов    Количество клапанов   24   Максимальная мощность двигателя   420 л с     Максимальный крутящий момент   1900 Нм  194 кгм  в диапазоне 1050   1590 об мин    Содержание токсичных веществ в отработавших газах соответствует нормам EURO 5  Сцепление   Сухое однодисковое  нажимного типа с диафрагменными пружинами    Cервопривод  Автоматическая регулировка  Наружный диаметр 17  Коробка передач   ZF 16S 1920 TD   Механическая  синхронизованная с сервоприводом   Число ступеней 16 2 Подвеска   Передняя   рессорная  телескопические амортизаторы гидравлического типа  со стабилизатором поперечной устойчивости   Задняя   пневматическая  регулируемая  телескопические амортизаторы гидравлического типа  со стабилизатором поперечной устойчивости Рулевое управление   Гидравлический усилитель   Регулировка рулевой колонки по углу наклона и вылету Тормозная система   Пневматическая  двухконтурная   Воздушный компрессор 352 куб см   Осушитель воздуха пневмосистемы с подогревом   EBS  ABS   EBL    Декомпрессионный моторный тормоз Iveco Turbo Brake   Тормозные механизмы  тип   для всех осей   дисковые Электросистема   Напряжение   24 В   Аккумуляторная батарея   2x12В  220 Ач    Генератор   28 В 90 А   Стартер   5 5 кВт Седельно сцепное устройство Седельно сцепное устройство JOST  конструктивная высота 150 мм на плите 50 мм Диаметр шкворня 2   Комплектация   ДВУСКАТНЫЕ КОЛЕСА НА ЗАДНЕЙ ОСИ БЛОКИРОВКА МЕЖКОЛЕСНОГО ДИФФ  ПЕРЕДАТОЧНОЕ ЧИСЛО 2 85 КОЛЕСНЫЕ ДИСКИ СТАЛЬНЫЕ МЕХАН КПП 16S 1920 TD ГЕНЕРАТОР 90 A 24V ОГРАНИЧИТЕЛЬ СКОРОСТИ 90 КМ Ч ВОЗДУШНЫЙ КОМПРЕССОР 630КУБ СМ   2 ЦИЛИНДР   СТАНДАРТНАЯ ПОЛНАЯ МАССА В СОСТАВЕ АВТОПОЕЗДА  44 ТОННЫ  ЗАДНЯЯ ПНЕВМОПОДВЕСКА ЗАДНИЕ АМОРТИЗАТОРЫ ЗАДНИЙ СТАБИЛИЗАТОР ПЕРЕДНИЙ СТАБИЛИЗАТОР ИЗМЕРИТЕЛЬ НАГРУЗКИ НА ОСЬ ДОПУСТИМЫЕ НАГРУЗКИ ПО ОСЯМ 7500 13000 ШИНЫ 315 70R22 5   156 ЗАПАСНОЕ КОЛЕСО ЭЛЕКТРОСИГНАЛ МЯГКОЕ РУЛЕВОЕ КОЛЕСО КРУИЗ КОНТРОЛЬ ЗВУКОВАЯ СИГНАЛИЗАЦИЯ НИЗКОГО ДАВЛЕНИЯ В ПНЕВМОСИСТЕМЕ РЕМНИ БЕЗОПАСНОСТИ ЭЛЕКТРОСТЕКЛОПОДЪЕМНИКИ ПАС СИДЕНЬЕ РЕГУЛИР  В 2 Х НАПР   ТКАНЬ  БЕЗ ПАКЕТА КУРИЛЬЩИКА ТКАНЕВЫЙ САЛОН ДАТЧИК НЕПРИСТЕГНУТОГО РЕМНЯ МЕХАНИЧЕСКАЯ ПОДВЕСКА КАБИНЫ ПНЕВМАТ  ПОДВЕСКА С ОДНИМ ДАТЧИКОМ УРОВНЯ РУЧНОЙ ПОДЪЕМ КАБИНЫ ЗЕРКАЛА ВЫНЕСЕННЫЕ НА 240ММ  ПОД П ПРИЦЕП ШИР 2600ММ   MINUS TOLL COLLECTION ТАХОГРАФ ЦИФРОВОЙ ЗЕРКАЛА ЗАДНЕГО ВИДА ПО ДИРЕКТИВЕ 2003 97 CE БЕЗ ЦЕНТРАЛЬНОГО ЗАМКА БЕЗ ИММОБИЛАЙЗЕРА СИДЕНЬЕ С ПОДГОЛОВНИКОМ АНТИПЫЛЕВЫЙ ФИЛЬТР АВТОНОМНЫЙ ОТОПИТЕЛЬ КАБИНЫ ПНЕВМО ВОД СИДЕНЬЕ С ПОДОГРЕВОМ ПОДГОТОВКА ПОД СИСТЕМУ УПРАВЛЕНИЯ ПАРКОМ АВТОМОБИЛЕЙ ВЫСОКАЯ КАБИНА BLUETOOTH RADIO СОЛНЦЕЗАЩИТНЫЙ КОЗЫРЕК   ЗНАК АВТОПОЕЗДА БОКОВЫЕ ЭЛЕКТРОЗЕРКАЛА С ОБОГРЕВОМ ЭЛЕКТРОЛЮК В КРЫШЕ ДВЕ СПАЛЬНЫЕ ПОЛКИ С ЗАЩИТНЫМИ СЕТКАМИ КОНДИЦИОНЕР ШТОРКИ НА ОКНАХ ДВЕРЕЙ ПОДЛОКОТНИК СПОЙЛЕР ОКРАШЕН В ЦВЕТ КАБИНЫ ВЫХЛОП СБОКУ CИСТЕМА ОПТИМАЛ  ОХЛАЖДЕНИЯ ДВИГАТЕЛЯ СТАНДАРТНЫЙ ВОЗДУХОЗАБОРНИК БАК ДЛЯ МОЧЕВИНЫ 55Л  БАК ДЛЯ МОЧЕВИНЫ ОБОГРЕВАЕМЫЙ ТОПЛИВНЫЙ БАК 800Л  ПОДОГРЕВАЕМЫЙ ФИЛЬТР ГРУБОЙ ОЧИСТКИ ПОДОГРЕВАЕМЫЙ ТОПЛИВНЫЙ БАК ШИЛЬДИКИ ВОЗДУШНЫХ РЕСИВЕРОВ ВЫКЛЮЧАТЕЛЬ МАССЫ РУЧНОЙ СТАЛЬНОЙ РЕСИВЕР АКБ 220 А Ч ПРЕДОХРАНИТЕЛЬНЫЙ КЛАПАН РУЧНОГО ТОРМОЗА ДВУХКОНТУРНАЯ ТОРМОЗ СИСТЕМА ПРИЦЕПА EBS   BAS 7 PIN ЭЛЕКТРО РАЗЪЕМ БЕЗ ПРОТИВОТУМАННЫХ ФАР ПЕРЕДНИЙ БАМПЕР  ПЛАСТИК  СДВИЖНОЕ ССУ БЕЗ ПЕРЕНОСНОГО ФОНАРЯ СТАНДАРТНАЯ РАМА БЕЗ АПТЕЧКИ ПОДГОТОВКА ПОД ПРИЦЕП  ЭЛЕКТРО   ПНЕВМО  ПЕРЕДНИЙ ПРОТИВОПОДКАТНЫЙ БРУС ПРОТИВООТКАТНЫЕ БАШМАКИ  2ШТ   ДЕРЖАТЕЛЬ ЗАПАСНОГО КОЛЕСА ССУ ВЫСОТОЙ 150ММ   АДАПТ ПЛИТА 50ММ ШЛАНГ ПОДКАЧКИ ШИН С МАНОМЕТРОМ ССУ  JOST  ДОМКРАТ НЕКРАШЕНЫЙ ПЛАСТИК НА КАБИНЕ  В ЦВЕТ КУЗОВА  РАМА ОКРАШЕНА В СЕРЫЙ ЦВЕТ  RAL 7021  ВНЕШНИЙ ШУМ ПО ДИРЕКТИВЕ 92 97 EC СТАНДАРТНОЕ ОСНАЩЕНИЕ КОМПЛЕКТАЦИЯ ДЛЯ УМЕРЕННОГО КЛИМАТА КРЫША СТАНДАРТНОГО ЦВЕТА МАРКИРОВКИ НА ЯЗЫКЕ CEE МАРКИРОВКА ДВИГАТЕЛЯ ЕВРО 5 IVECO BADGE РУССКИЙ ПАКЕТ Модификация  AT440S42T P RR  Тягач седельный  10 308 куб  см   420 л с   МКПП ;auto.ru;45;IVECO;https://auto.ru/artic/used/sale/iveco/stralis_tractor/16388390-ea5fb611/;2018;Европлан Краснодар;Truck;4985438;3433000;391805;
Продам грузовой седельный тягач МАЗ 6430В9 1420 012  пробег 110 000 км  2017 года  11 000 куб  см   6 4  имеются дефекты по кабине  торг  ;auto.ru;78;MAZ;https://auto.ru/artic/used/sale/maz/6430/16582078-b0099baf/;2017;;Truck;2677233;1500000;110000;
Седельный тягач  МАЗ 6430В9 1420 010  2017 г в  200000 км  Евро 4  11122 куб см  410 л с  МКПП ZF16  дизель  6х4  нагрузка на ССУ 15900 кг  высота ССУ 1350 мм  ABS  кабина высокая  2 спальника  гидрофикация  остаток резины   30   Выгодные условия по лизингу для ЮЛ и ИП ;auto.ru;24;MAZ;https://auto.ru/artic/used/sale/maz/6430/16373108-8734c182/;2017;Аскет-Авто;Truck;2677233;2150000;200000;
ПРОДАЖА ВОЗМОЖНА  с НДС  по факту 1 владелец  пробег родной  Все ТО вовремя и  у официалов ;auto.ru;15;SCANIA;https://auto.ru/artic/used/sale/scania/p_1/16604254-49f4fd28/;2017;;Truck;5565655;4800000;422191;
;auto.ru;23;MAZ;https://auto.ru/artic/used/sale/maz/5440/16569442-4ac883c6/;2016;;Truck;1667147;1350000;297965;
Код предложения  1853522 ФЛ ВРН 18   Покупая автомобиль в Европлан   Вы получаете 100  гарантию законности сделки  профессиональный и индивидуальный подход  быстрое заключение договора  различные варианты оформления  Автомобиль приобретался у официального дилера и принадлежит компании Европлан  то есть не находится в кредите  залоге или розыске  Не исправен ДВС  Расчет ремонта ОД и полную спецификацию вышлем по запросу  Пробег не менее 300 тыс км  Год выпуска  2018 Страна  ИСПАНИЯ   ПТС  408929 Серия ПТС  78 УХ ПТС дата выдачи  09 02 2018 Кем выдан ПТС  Центральная акцизная таможня Номер двигателя  022207194 Модель двигателя  P3AE3681D 1D Номер кузова  ОТСУТСТВУЕТ Номер шасси  WJMM1VSH40C390879 Цвет  БЕЛЫЙ Тип двигателя  ДИЗЕЛЬНЫЙ Модификация  AT440S42T P RR  Тягач седельный  10 308 куб  см   420 л с   МКПП  Двигатель 10308 куб см   420 л с  Высокая кабина ОСНОВНЫЕ РАЗМЕРЫ И МАССЫ Основные размеры  мм Масса  кг A Колёсная база 3800 Колёсная база 3800 B Длина ТС 6250 Макс  масса ТС   19000 C Передний свес 1410 Макс  масса автопоезда   50000 D Задний свес 1048 Макс  грузоподъёмность   12270 E Макс  ширина кабины 2550 Снаряжённая масса ТС 6730 F Расстояние от передней оси В том числе на переднюю ось 4815 до задней стенки кабины 940 В том числе на заднюю ось 1915 K Высота кабины без нагрузки  2985 Радиус разворота стена стена 7365 L Высота по раме без нагрузки  982 Радиус разворота обочина обочина 6700 M Колея передних колёс 2049 Высота рамы у перед  оси 1005 N Колея задних колёс 1818 Высота рамы у зад  оси 983 P Минимальный дорожный просвет 214;auto.ru;46;IVECO;https://auto.ru/artic/used/sale/iveco/stralis_tractor/16492850-139ca934/;2018;Европлан Краснодар;Truck;4326098;2958000;391805;
;auto.ru;34;KAMAZ;https://auto.ru/artic/used/sale/kamaz/65116/16325970-0aeb83ee/;2016;;Truck;1876427;1400000;74000;
2017 г  пробег 375000 км  двигатель мерседес  кпп ZF  новая резина  новые аккумуляторы  торг при осмотре цена с НДС возможна продажа в кредит и лизинг в кредит возможно без первого взноса;auto.ru;65;KAMAZ;https://auto.ru/artic/used/sale/kamaz/5490/16605898-247c652a/;2017;;Truck;3297401;1990000;375000;
Техника обслуживается строго у официального дилера  Скания Русь Голицыно  и  полностью готова к эксплуатации  Возможна продажа по безналичному расчету  цена указана с НДС ;auto.ru;64;SCANIA;https://auto.ru/artic/used/sale/scania/g/16613820-270b8749/;2017;;Truck;8210021;5000000;628780;
В продаже седельный тягач Mercedes Benz Axor  Мерседес Аксор  1840 LS 2017 г в  Техника в хорошем состоянии   Вложений не требует   Цена с НДС  Место осмотра  г  Казань Код  154761   Пробег  тыс км    582 179  Год выпуска   2017   Марка   Mercedes Benz   Модель   Axor 1840 LS   Готов к эксплуатации  Торг возможен при осмотре   M7truck   это сертифицированные грузовики  седельные тягачи  спецтехника и прицепная техника с пробегом  которым Вы можете доверять  Любая форма оплаты  нал безнал  Возможна продажа в кредит  лизинг  Более 25 партнеров  Сбербанк  ВТБ  Европлан  Сбербанк Лизинг  ВЭБ лизинг  Элемент лизинг и др ;auto.ru;30;MERCEDES;https://auto.ru/artic/used/sale/mercedes/axor_t/16493272-fb728add/;2017;M7 TRUCK Казань;Truck;4361359;3350000;582179;
Автомобиль полностью исправен ТО производилось своевременно  С перегрузом не ездил   За машину не стыдно  Хорошая альтернатива новому авто  Возможна продажа с П П НЕФАЗ 93341 07 2011г  грузоподьемность 32 тн   Цена за сцепку 3100000  Возможна прожажа с НДС;auto.ru;54;KAMAZ;https://auto.ru/artic/used/sale/kamaz/53504/16583924-e5d53b62/;2018;;Truck;3855663;2500000;44000;
От собственника  один хозяин  покупался новым в июле 2105 г  Установлены весы на заднюю ось  Возит почту со шторным полуприцепом  10 15 тн в среднем  Сейчас в работе  не стоит  Пробег родной и не скрученный Обслуживается только на дилерском сервисе  есть вся история ремонтов с начала эксплуатации По птс год выпуска 2014 ПОСРЕДНИКАМ НЕ БЕСПОКОИТЬ   ;auto.ru;13;MAN;https://auto.ru/artic/used/sale/man/tgs/16456554-62e0810f/;2015;;Truck;3055741;2700000;724000;
Машина  в достойном техническом состоянии  гарантия реального пробега  Все полностью исправно  Мочевина отключена на программном уровне  Полностью готова к работе ;auto.ru;43;KAMAZ;https://auto.ru/artic/used/sale/kamaz/5490/16604160-b669a99b/;2016;;Truck;1927548;1340000;613000;
Официальный дилер  С НДС  ADR   ПАКЕТ  Scania P 440 ТОПЛИВНАЯ СИСТЕМА PDE ОДИН ВЛАДЕЛЕЦ  ЕВРО 5  МАКСИМАЛЬНОЙ КОМПЛЕКТАЦИИ  440 л с  холодильник  автономный отопитель  1 спальное место  МКПП  круиз контроль  кондиционер  полный электропакет  топливная система PDE  хорошая резина и мн  другое   САМЫЕ ВЫГОДНЫЕ УСЛОВИЯ ПО ФИНАНСИРОВАНИЮ  ЛИЗИНГ  КРЕДИТ  TRADE IN  ВОЗМОЖНА РАССРОЧКА ЛЮБАЯ ФОРМА ОПЛАТЫ  НАЛИЧНАЯ   БЕЗНАЛИЧНАЯ  НДС  ПОЛНОЕ СОПРОВОЖДЕНИЕ СДЕЛКИ В КРОТЧАЙШИЕ СРОКИ  ЭКСПЛУАТАЦИЯ   01 2018г  ВЫПУСК   11 2017г;auto.ru;23;SCANIA;https://auto.ru/artic/used/sale/scania/p_1/16596990-f0a5c525/;2018;БорнТракСервис;Truck;5976746;4850000;310000;Цена с НДС
Маз 2018г в  в работе с апреля 2019  мотор wechai power 430л с возможна продажа сцепкой с самосвальным прицепом grunvald 34м3 цена за сцепку 4500000;auto.ru;26;MAZ;https://auto.ru/artic/used/sale/maz/6430/16427114-9436b223/;2018;;Truck;3162758;2500000;100000;Цена с НДС
Седельный тягач Mercedes Actros 2641   год выпуска  2016   пробег  500 000 км  родной    колёсная формула  6х4   мощность двигателя  408 л с   300 кВт    гидрофикация Binotto   спальное место   тахограф   высота седла  1250 мм Самосвальный полуприцеп Wielton    год выпуска  2016   объем кузова  33 м3   количество осей  3   оси  SAF   запасное колесо Продается сцепкой  5 500 000 один хозяин  оформлено на юр  лицо  находится в Санкт Петербурге Торг возможен при осмотре  Цена указана с НДС ;auto.ru;20;MERCEDES;https://auto.ru/artic/used/sale/mercedes/actros_t/16226688-b3564774/;2016;;Truck;4808721;4000000;450000;
Седельный тягач Volvo FM 420 6х4 2018 г Тягач на пневмоподвеске  гидрофицирован  Обслуживание только у официалов в вольво центре  Весь пробег трассовый  без гор  Вложений не требует  производство Швеция  Цена указана с НДС  Лизинг  кредит  В сцепке в полуприцепом Касбёрер 32 м3  прицеп отдельно 2 1 с НДС;auto.ru;21;VOLVO;https://auto.ru/artic/used/sale/volvo/fm_tractor/16614910-76aacc4d/;2018;ЕвроТрак Mercedes-Benz Пермь;Truck;8410216;6900000;380000;Цена с НДС
Авто в отличном состоянии Двигатель мерседес Кпп ZF  Пробег 210ткм родная резина сзади  Спереди новые Без дтп  Можно сразу в работу;auto.ru;28;MAZ;https://auto.ru/artic/used/sale/maz/5440/16590818-95cb67b7/;2016;;Truck;2050336;1590000;210000;
Состояние нового Ухожен Фен Котел Подогрев топлива Новые АКБ Все масла в мостах кпп раздатке бортовые заменены Новый антифриз Все работает до последней лампочки ТНВД с нова стоит простой  ;auto.ru;27;MAZ;https://auto.ru/artic/used/sale/maz/6425/16564712-f5233b77/;2017;;Truck;3182949;2500000;103000;
Седельный тягач Маз 5440B5 8420 031  Год выпуска 2016  С 01 12 2017г  ПЕРВЫЙ УЧЕТ  Покупался новым  1 хозяин  ПТС оригинал  Комплектация  автономка  кондиционер  тахограф  противооткат  запасное колесо  Машина  в отличном состоянии  все работает без нареканий  обслуживание своевременное  из последнего замена масел и фильтров  работал очень мало  готов к работе  Подробности уточняйте по телефону  Форма оплаты  Без НДС  По вопросам приобретения звоните в отдел продаж компании  ТРАК ПЛАТФОРМА   Ждем Вас на ТЕСТ драйв по адресу  г  Люберцы  ул  Транспортная  16  У нас Вы найдете более 300 единиц грузовой и спецтехники  Предлагаем срочный выкуп Вашего авто  покупку в Trade in  быстрая реализация Вашего транспорта  Кредитование Лизинг  Любая форма оплаты  ЗВОНИТЕ   ;auto.ru;19;MAZ;https://auto.ru/artic/used/sale/maz/5440/16210040-59c26edf/;2016;ТРАК ПЛАТФОРМА;Truck;1781238;1490000;76981;
Продам Камаз 65116 в отличнейшем состоянии  Автомобиль приобретен у официального дилера 25 12 2016  эксплуатацию начал в марте 2017 Двигатель модель Cummins 6ISBe6 7 300  Евро 5  Объем 6 7 л   Дизель 298 л с  Коробка передач модель ZF9 Колесная формула 6х4 Груз ть   15 5 т   Полная м автопоезда   37850 кг   Нагр на седло   15т  Базовое шасси КАМАЗ 65116 Масса  Максимальный крутящий момент  Нм 1226 Размерность шин 11 00R22 5  установлены КАМА NF701 износ 30  Высота ССУ  мм   1340  Подвеска   рессорная МКБ  МОБ   есть  Топл бак  л   350  Пробег 92 345 км ABS  ПЖД  ТНВД   ТНВД BOSCH  система нейтрал ОГ AddBlue  рестайлинговая кабина  аэродинамический козырек тахограф российского стандарта с блоком СКЗИ  Установлено гидравлическое оборудование для подъема самосвального кузова полуприцепа  Возмежен обмен на легковой автомобиль Торг уместен  возможна оплата перечислением на расчетный счет  Своевременное техническое обслуживание  Посреднические услуги не предлагать   Не требует дополнительных вложений   Торг возможен при осмотре   Готов к эксплуатации  Автомобиль продается в формате аукциона  Указана минимальная цена ;auto.ru;12;KAMAZ;https://auto.ru/artic/used/sale/kamaz/65116/16545598-f8f3db99/;2016;;Truck;2074631;1840000;92345;
Седельный тягач КАМАЗ 5490 S5  2017 г в  256056 км  Евро 5  11967 куб см  401 л с  МКПП  дизель  4х2  нагрузка на ССУ 11125 кг  высота ССУ 1100 мм  ABS  1 спальник  автономный отопитель  остаток резины   30   Выгодные условия по лизингу для ЮЛ и ИП ;auto.ru;17;KAMAZ;https://auto.ru/artic/used/sale/kamaz/5490/16372926-1ba3723a/;2017;Аскет-Авто;Truck;2403138;2050000;256056;
Седельный тягач Камаз 2016 года  Продажа за наличные  Тягач в отличном состоянии  ТО делалось регулярно  Тягач не имеет технических и юридических проблем  оригиналы документов на руках  Плюсы    своевременное техническое обслуживание    перед продажей проводилась полная диагностика   ходил без перегрузов   техника с полным НДС Техническое описание     Год изготовления  2016   Изготовитель  Россия   Объем двигателя  куб см  11 967    Разрешенная максимальная масса  кг  18 600     Масса без нагрузки  кг  7 900   Экологический класс  ЕВРО 5   Мощность двигателя  л с  401   Тип КПП  Механическая   Колесная формула  4х2   Тип подвески  Пневмо рессорная   Пробег  км  662 800 Дополнительная информация    Кондиционер   Магнитола   Инструментальный ящик   Солнцезащитный козырек   Автономный отопитель   Тахограф   Люк   Электростеклоподъёмники   ABS   Межколесная блокировка   1 спальное место   2 топливных бака  400 л   400 л   артикул 72134  Глобал Трак Сейлс   официальный дилер Mercedes Benz  KRONE  Sсhmitz Cargobull  Fliegl  Kassbohrer  Grunwald  Kogel  MAN  Wielton  Zaslaw  ТверьСтройМаш  Возможно приобретение техники в кредит лизинг   Мы являемся аккредитованной компанией в таких лизинговых  как Европлан  ВТБ Лизинг  Вэб лизинг  Элемент лизинг  Балтийский Лизинг ;auto.ru;30;KAMAZ;https://auto.ru/artic/used/sale/kamaz/5490/16284530-53f641ab/;2016;Global Truck Sales Санкт-Петербург;Truck;1892905;1450000;662800;
Продаём КАМАЗы 5490 все в хорошем состоянии 2015  2016 годов в двигатель   КПП  мосты не ремонтировались пробег от 380 до 450 т км машины работаю пробег может меняться  обслуживание каждый 40 т км   осмотр возможен где находиться машина   торг уместен  возможно с ндс ;auto.ru;22;KAMAZ;https://auto.ru/artic/used/sale/kamaz/5490/16182854-ba289412/;2016;;Truck;1892905;1550000;400000;Цена с НДС
Тягач КамАЗ 65116 A4   2017 года  Пробег 140 тыс км  6х4  Полностью рессорный  Двигатель Cummins ISB6 7 мощностью 298 л с  Соответствует Евро 4  Кабина на пружинах  Проведено ТО  Есть ABS  2 автономки  тахограф  рация  магнитола  люк  Доукомплектован домкратом  буксировочными крюками  огнетушителем  монтировкой  аптечкой  знаком аварийной остановки  запасным колесом   Марка и модель  КамАЗ 65116 ID  3175 Год выпуска  2017 Пробег  км   139696 Объем двигателя  см3   6700 Мощность двигателя  л с   298 Экологический класс  4 Тип подвески  рессорная Размер шин  11 R22 5 В нашей компании Трак Сток вы можете приобрести технику в кредит или в лизинг ;auto.ru;23;KAMAZ;https://auto.ru/artic/used/sale/kamaz/65116/16549410-618d4df2/;2017;Трак-Сток;Truck;2600127;2100000;139696;Цена с НДС
Продажа от юридического лица  первый и единственный собственник   цена указана с НДС  Тягач куплен в декабря 2017 года в лизинг  в работе с 2018 г  Своевременное обслуживание у официального дилера  Причина продажи   покупка новой техники необходимой для исполнения договорных обязательств  Дополнительных вложений не требует  готов к эксплуатации  Тягач полностью оборудован для эксплуатации в районах Крайнего Севера  Комплектация и характеристики  1  Ошинковка   двускатная  2  Двигатель  дизель    400 лс  3  Экологический класс   ЕВРО 5  4  Модель КПП   ZF 16S1820  5  Система топливоподачи   Common Rail  6  Грузоподъемность   33 36 т   7  Седельно сцепное устройство   JOST  8  Диаметр шкворня   2 дюйма  9  Шины   12 00 R20  10  Блокировка   межколесная  межосевая  11  Топливный бак   550 литров  Дополнительно установлено  1  Тахограф  2  Видеорегистраторы по кругу кабины и в салоне  3  Сухой фен  4  Предпусковой жидкостной подогреватель  5  Рация MegaJet 330  6  Утепление кабины  7  Самосвальный вариант рамы  Дополнительно к тягачу можно приобрести полуприцеп УЗСТ 2018 г  грузоподъемностью 44 тн  также подготовленные к работе в условиях Крайнего Севера в следующей комплектации  1  Погрузочная длина   12 5 м  ширина 2 45 м   2  Съемные борты  3  Раздвижные коники  высота 1 5 м   ширина до 3 47 м   4  Дополнительные топливные баки объемом 2 200 л  уже установлены  3 оси L1  5  Подвеска рессорно балансирная  6  Ошиновка односкатная  Цена продажи полуприцепа с НДС   обсуждается дополнительно ;auto.ru;16;KAMAZ;https://auto.ru/artic/used/sale/kamaz/65225_t/16504178-ea77b599/;2017;;Truck;3957504;3400000;80000;
Седельный тягач КАМА              г  в исполнении  Белый Север   автономн  возд  отопитель  Планар 4Д   подогрев АКБ типа  Термокейс   электрообогрев  утепление капота     односкатная ошиновка  шины 425 85R21   нагрузка на ССУ   12 3тн   высота ССУ   1540мм   КПП   ZF9 рестайлинговая кабина со спальным местом  Рассмотрю обмен  Возможна продажа от юр лица с НДС;auto.ru;26;KAMAZ;https://auto.ru/artic/used/sale/kamaz/53504/16420230-739b933f/;2018;;Truck;4145908;3280000;55000;
Продам седельный тягач МАЗ 544029 1420 031  ПОЛНОСТЬЮ обслужен     Один владелец  Оригинал ПТС на руках  Юридически чистый  ЗВОНИТЕ     1  Год  2016  на учете с 12 мая 2017 го  2  Пробег  км  571 743 3  Двигатель  Weichai WP12   11 6 л  430 л с  Евро 4  4  Масса без нагрузки  кг  7 950 5  Дополнительно  Коробка ZF16  2 автономных отопителя  2 спальных места  Пневмосиденья водителя и пассажира  Механическая регулировка подвески  нет проблем с пультом   Обмен не предлагать  Цена за наличку  Осмотр в Уфе  ЗВОНИТЕ    ;auto.ru;26;MAZ;https://auto.ru/artic/used/sale/maz/5440/16364998-37668172/;2016;;Truck;2018200;1600000;571743;
Продам  Все вопросы по телефону  Обмен не интересует   ;auto.ru;11;KAMAZ;https://auto.ru/artic/used/sale/kamaz/6460/16552752-e160b498/;2017;;Truck;1990077;1790000;102000;
Седельный тягач МАЗ 5440  ПТС оригинальный от 05 11 2015  один собственник с 01 2016  Отличное техническое состояние  Цена указана с НДС  возможна продажа в лизинг  Торг при осмотре;auto.ru;36;MAZ;https://auto.ru/artic/used/sale/maz/5440/16594648-4ad80bf2/;2016;MAH Центр Берëзовский;Truck;1433623;1050000;130000;Цена с НДС
Код предложения  1853524 ФЛ ВРН 18 Автомобиль приобретался у официального дилера и принадлежит компании АО  ЛК Европлан    соответственно юридически чистый  не находится в кредите  залоге или розыске   Покупая автомобиль в Европлан   Вы получаете   100  Гарантию юридической чистоты   Профессиональный подход к сделке  Год выпуска  2018 Страна  ИСПАНИЯ   ПТС  408920 Серия ПТС  78 УХ ПТС дата выдачи  09 02 2018 Кем выдан ПТС  Центральная акцизная таможня Номер двигателя  022207219 Модель двигателя  F3AE3681D S Номер кузова  ОТСУТСТВУЕТ Номер шасси  WJMM1VSH40C391053 Цвет  БЕЛЫЙ Тип двигателя  ДИЗЕЛЬНЫЙ Модификация  AT440S42T P RR  Тягач седельный  10 308 куб  см   420 л с   МКПП  Двигатель 10308 куб см   420 л с  Высокая кабина ОСНОВНЫЕ РАЗМЕРЫ И МАССЫ Основные размеры  мм Масса  кг A Колёсная база 3800 Колёсная база 3800 B Длина ТС 6250 Макс  масса ТС   19000 C Передний свес 1410 Макс  масса автопоезда   50000 D Задний свес 1048 Макс  грузоподъёмность   12270 E Макс  ширина кабины 2550 Снаряжённая масса ТС 6730 F Расстояние от передней оси В том числе на переднюю ось 4815 до задней стенки кабины 940 В том числе на заднюю ось 1915 K Высота кабины без нагрузки  2985 Радиус разворота стена стена 7365 L Высота по раме без нагрузки  982 Радиус разворота обочина обочина 6700 M Колея передних колёс 2049 Высота рамы у перед  оси 1005 N Колея задних колёс 1818 Высота рамы у зад  оси 983 P Минимальный дорожный просвет 214 Описание автомобиля Колесная формула   4х2 Исполнение кабины   Active Time  AT  Высокоя кабина 2 спальное место Двигатель   10300 см3  420 л с   турбо дизель  EURO 5 КПП   ZF 16S 1920 TD  16 ти ступенчатая  механическая  Колёсная база  мм    3800 Нагрузки на оси  кг    7500   13000 Двигатель   CURSOR 10   Eвро5      Дизельный 6 ти цилиндровый рядный  оснащенный системой турбонаддува с изменяемой геометрией  VGT    с клапаном сброса избыточного давления выхлопных газов на входе в турбину и промежуточным охладителем подаваемого в цилиндры воздуха   Впрыск топлива в цилиндры осуществляется посредством индивидуальных для каждого цилиндра  насос форсунок  и электронной системы подачи топлива  EDC   Система SCR катализации выхлопных газов    Количество клапанов   24   Максимальная мощность двигателя   420 л с     Максимальный крутящий момент   1900 Нм  194 кгм  в диапазоне 1050   1590 об мин    Содержание токсичных веществ в отработавших газах соответствует нормам EURO 5  Сцепление   Сухое однодисковое  нажимного типа с диафрагменными пружинами    Cервопривод  Автоматическая регулировка  Наружный диаметр 17  Коробка передач   ZF 16S 1920 TD   Механическая  синхронизованная с сервоприводом   Число ступеней 16 2 Подвеска   Передняя   рессорная  телескопические амортизаторы гидравлического типа  со стабилизатором поперечной устойчивости   Задняя   пневматическая  регулируемая  телескопические амортизаторы гидравлического типа  со стабилизатором поперечной устойчивости Рулевое управление   Гидравлический усилитель   Регулировка рулевой колонки по углу наклона и вылету Тормозная система   Пневматическая  двухконтурная   Воздушный компрессор 352 куб см   Осушитель воздуха пневмосистемы с подогревом   EBS  ABS   EBL    Декомпрессионный моторный тормоз Iveco Turbo Brake   Тормозные механизмы  тип   для всех осей   дисковые Электросистема   Напряжение   24 В   Аккумуляторная батарея   2x12В  220 Ач    Генератор   28 В 90 А   Стартер   5 5 кВт Седельно сцепное устройство Седельно сцепное устройство JOST  конструктивная высота 150 мм на плите 50 мм Диаметр шкворня 2   Комплектация   ДВУСКАТНЫЕ КОЛЕСА НА ЗАДНЕЙ ОСИ БЛОКИРОВКА МЕЖКОЛЕСНОГО ДИФФ  ПЕРЕДАТОЧНОЕ ЧИСЛО 2 85 КОЛЕСНЫЕ ДИСКИ СТАЛЬНЫЕ МЕХАН КПП 16S 1920 TD ГЕНЕРАТОР 90 A 24V ОГРАНИЧИТЕЛЬ СКОРОСТИ 90 КМ Ч ВОЗДУШНЫЙ КОМПРЕССОР 630КУБ СМ   2 ЦИЛИНДР   СТАНДАРТНАЯ ПОЛНАЯ МАССА В СОСТАВЕ АВТОПОЕЗДА  44 ТОННЫ  ЗАДНЯЯ ПНЕВМОПОДВЕСКА ЗАДНИЕ АМОРТИЗАТОРЫ ЗАДНИЙ СТАБИЛИЗАТОР ПЕРЕДНИЙ СТАБИЛИЗАТОР ИЗМЕРИТЕЛЬ НАГРУЗКИ НА ОСЬ ДОПУСТИМЫЕ НАГРУЗКИ ПО ОСЯМ 7500 13000 ШИНЫ 315 70R22 5   156 ЗАПАСНОЕ КОЛЕСО ЭЛЕКТРОСИГНАЛ МЯГКОЕ РУЛЕВОЕ КОЛЕСО КРУИЗ КОНТРОЛЬ ЗВУКОВАЯ СИГНАЛИЗАЦИЯ НИЗКОГО ДАВЛЕНИЯ В ПНЕВМОСИСТЕМЕ РЕМНИ БЕЗОПАСНОСТИ ЭЛЕКТРОСТЕКЛОПОДЪЕМНИКИ ПАС СИДЕНЬЕ РЕГУЛИР  В 2 Х НАПР   ТКАНЬ  БЕЗ ПАКЕТА КУРИЛЬЩИКА ТКАНЕВЫЙ САЛОН ДАТЧИК НЕПРИСТЕГНУТОГО РЕМНЯ МЕХАНИЧЕСКАЯ ПОДВЕСКА КАБИНЫ ПНЕВМАТ  ПОДВЕСКА С ОДНИМ ДАТЧИКОМ УРОВНЯ РУЧНОЙ ПОДЪЕМ КАБИНЫ ЗЕРКАЛА ВЫНЕСЕННЫЕ НА 240ММ  ПОД П ПРИЦЕП ШИР 2600ММ   MINUS TOLL COLLECTION;auto.ru;20;IVECO;https://auto.ru/artic/used/sale/iveco/stralis_tractor/16332932-ed24ff24/;2018;Европлан Краснодар;Truck;4167206;3460000;315000;
 1810 254  МАЗ 6430В9   седельный тягач 2017г в   410л с  11 122л турбо дизель  задний привод  белый  МКПП 16  ABS  ГУР  круиз контроль обогрев зеркал  люк  магнитола  регулировка руля в 2 ух положениях  блокировка дифференциала  2 2 мест  двигатель ЯМЗ 651  класс выхлопа EURO 4  1 топливный бак  объём бака 500 л   подвеска шасси рессора рессора  колёсная формула 6х4  аэродефлектор  тахограф  предпусковой подогреватель  нагрузка на сцепное 16000 кг   467823км  1 владелец  обмен  кредит    heiddbi 13035 ;auto.ru;40;MAZ;https://auto.ru/artic/used/sale/maz/6430/16514094-4cd5c5a8/;2017;КОМПАНИЯ АВТОМОБИЛИЯ;Truck;2677233;1900000;467823;
В Наличии данной техники КАМАЗ 5490  году  пробеги примерно 350 400т км  техника ухоженная   все работает    Адрес осмотра  Зеленодольский р он  село Бело Безводное ;auto.ru;27;KAMAZ;https://auto.ru/artic/used/sale/kamaz/5490/15879403-20c535c4/;2016;;Truck;1852652;1450000;333000;
ООО МАН Трак энд Бас РУС  официальный импортер МАN в РФ   реализует  Седельный тягач МАЗ 6430B9 1420 010 Год изготовления  2017 Пробег  285 124 км Комплектация  Кабина большая 6431  2 спальных места Колёсная база 3200 мм   1400мм Колёсная формула 6x4 Двигатель ЯМЗ   65101  410 л с   Объем двигателя   11122 м  куб   Евро 4 Коробка передач ZF 16 S 221  16  Подвеска рессора рессора Технически допустимая полная масса автопоезда  кг  44000 Блокировки дифференциалов задних мостов Топливный бак 500 л справа Антиблокировочная система  ABS  Тахограф Цена включает в себя НДС 20   возможна продажа в лизинг  Возможен выкуп вашего подержанного ТС в зачет стоимости покупки подержанного ТС у нас  Trade In   Адрес осмотра  г  Москва  Рязановское с п   Симферопольское шоссе  д  22  стр  9 ;auto.ru;35;MAZ;https://auto.ru/artic/used/sale/maz/6430/16553782-21e0aa99/;2017;МАН Трак энд Бас РУС;Truck;2677233;1975000;285124;Цена с НДС
Седельный тягач МАN TGS 19 400 4x2 BLS WW  2016 года выпуска   стандарта Евро 4  двигатель D20  мощностью  400 л с   пробег 600 000км  гидрофицированый под работу с самосвальным полуприцепом  работал в основном в Московском и Тульском регионе  все регламентные работы проведены вовремя  в 2018г  менялась кабина первой комплектности у официалов  вложений ни каких не требует  резина КАМА 70  остатка  Торг возможен при осмотре ;auto.ru;14;MAN;https://auto.ru/artic/used/sale/man/tgs/16569314-e2863cfc/;2016;АвтоБан;Truck;3785543;3300000;600000;
Седельный тягач КАМАЗ 5490 S5  2017 г в  260434 км  Евро 5  11967 куб см  401 л с  МКПП  дизель  4х2  нагрузка на ССУ 11125 кг  высота ССУ 1100 мм  ABS  1 спальник  автономный отопитель  остаток резины   10   Выгодные условия по лизингу для ЮЛ и ИП ;auto.ru;23;KAMAZ;https://auto.ru/artic/used/sale/kamaz/5490/16430910-30dc3f23/;2017;Аскет-Авто;Truck;2403138;1950000;260434;
Основная причина продажи отсутствие водителей международников на МАЗ  а также с сокращением парка  Двигатель Рено  коробка ZF  Работает только на международных перевозках Европа РФ  в основном ЦФО  осмотр возможен в различных регионах по договоренности  СТОЯНКАМ  САЛОНАМ с предложением поставить на реализацию НЕ ЗВОНиТЬ    100  реальный пробег  Любые проверки  Покупался новым в 2016 году и обслуживается у дилера  Дополнительно установлено  баки 960 л  автономка Планар  GPS контроль  Полностью обслужен  в сентябре 2020 пройдено полное ТО  все недостатки устранены  новые АКБ и много по мелочам   Возможна и желательна продажа в сцепке  с полуприцепом KRONE  KOEGEL 2008 2012 г  тент  борт  п образное сдвижение  640000 950000  Цена указана только за тягач  Готов к эксплуатации  Посреднические услуги не предлагать ;auto.ru;17;MAZ;https://auto.ru/artic/used/sale/maz/5440/15764038-ceef0a9d/;2016;;Truck;1984512;1695000;167000;
Отличное техническое состояние Полностью обслужен  вложений не требует Есть актуальная диагностика история всех заказ нарядов Пробег 700 т км Двигатель ОМ 457  объем 12л  Мощность 428 л с  Экологический класс Евро 5 Механическая КПП 2 топливных бака  Кондиционер Вебасто 2 спальных места Продажа от физ лица  без НДС  возможна безналичная оплата;auto.ru;47;KAMAZ;https://auto.ru/artic/used/sale/kamaz/5490/16599784-dd64ef78/;2015;;Truck;2043723;1390000;700000;
2017г в  Состояние отличное  Один хозяин и водитель  Возили трубу  Пробега 190т  Км  Наличные  безнал без НДС и с НДС  цена с ндс   Возможна покупка в лизинг кредит  Возможен обмен на легковой автомобиль с вашей доплатой   цена на обмен 1 800 000 ;auto.ru;29;MAZ;https://auto.ru/artic/used/sale/maz/5440/16588818-ae96710c/;2017;;Truck;1884481;1450000;190000;
Седельный тягач КАМАЗ 65206 Т5 2015 г в  В отличном состоянии  Место осмотра  г  Набережные Челны Код  2467238 Цена указана с НДС  M7truck   это сертифицированные грузовики  седельные тягачи  спецтехника и прицепная техника с пробегом  которым Вы можете доверять  Любая форма оплаты  нал безнал  Возможна продажа в кредит  лизинг  Более 25 партнеров  Сбербанк  ВТБ  Европлан  Сбербанк Лизинг  ВЭБ лизинг  Элемент лизинг и др  В наличии более 300 единиц седельных тягачей  грузовиков  самосвалов  спецтехники Scania  Volvo  DAF  Mercedes  MAN  MAZ  KAMAZ и прицепной техники  изотермы  рефрижераторы  тентованные  контейнеровозы Krone  Schmitz  Kogel и др  с минимальными пробегами после ТО  готовых к дальнейшей работе  Звоните  Подберем технику под любые транспортные задачи ;auto.ru;17;KAMAZ;https://auto.ru/artic/used/sale/kamaz/65206/16226306-9c658a05/;2015;M7 TRUCK Набережные Челны;Truck;2165355;1850000;658216;
Продается седельный тягач Камаз 5490 2017 г  Хороший остаток резины  на механике  2 бака  Один собственник   Цена указана с НДС   Место осмотра  г  Казань Код  2486096 Характеристики  Пробег  тыс км   638 727 Год выпуска  2017 Марка  КАМАЗ Модель  5490 S5 Количество спальных мест  1 Колесная формула  4х2 Мощность двигателя  л с   401 КПП тип  Механика Готов к эксплуатации  Торг возможен при осмотре ;auto.ru;17;KAMAZ;https://auto.ru/artic/used/sale/kamaz/5490/16579338-934c5859/;2017;M7 TRUCK Казань;Truck;2403138;2050000;638727;
Scania P 400 4x2 ADR 2018 год   На 16 10 2019 год пробег составляет 275 000 км  В отличном состоянии  Машина в работе  Обмен не предлагать  Цена указана по перечислению ;auto.ru;14;SCANIA;https://auto.ru/artic/used/sale/scania/p_1/16179334-8155df07/;2017;;Truck;5881038;5150000;280000;
 цена указана с НДС  авто в отличном состоянии  один собственник   хорошая комплектация  без дтп  с момента покупки два водителя  обслуживалась на Оф  Дилере  ТО раз в 30т км  резина 50  остатка  нареканий по тех  состоянию нет  гидрофикация вписана   обмен не интересен на стоянку не поставлю машина в работе   цена за тягач;auto.ru;10;VOLVO;https://auto.ru/artic/used/sale/volvo/fh_tractor/16556154-51e5f982/;2018;;Truck;8139354;7350000;695000;
Тягач полностью обслужен  ТО проводилось своевременно и в полном объёме    2015г в  пробег    902 230т км  2 автономных отопителя 2 спальных места  Двигатель Mercedes OM 501 LA 4 Мочевина отключена  Остаток резины 70  Торг уместен  Нал безнал  безнал 1300000 с НДС  2 Собственника  Тел                                 ;auto.ru;57;MAZ;https://auto.ru/artic/used/sale/maz/5440/16366136-4a6225a5/;2015;;Truck;1888207;1200000;902230;
Продаю камаз 5490 низкая кабина  Комплектация под опасные грузы обслуживание у ОД резина перед 60  резина зад 80   отличное техническое состояние продажа в связи с обновлением парка;auto.ru;19;KAMAZ;https://auto.ru/artic/used/sale/kamaz/5490/16502116-d93b06b4/;2015;;Truck;1611932;1350000;500000;
КАМАЗ 44108 RF  6х6  ДВС Cummins ISLe C340  330 л с   пробег 85000 км  тахограф  пусковой подогреватель  автономный обогрев кабины  своевременное ТО  бережная эксплуатация  один собственник  Авто в отличном техническом состоянии  не требует дополнительных вложений  Продажа от юридического лица с НДС  По договоренности возможна доставка по РФ Торг возможен при осмотре ;auto.ru;23;KAMAZ;https://auto.ru/artic/used/sale/kamaz/44108/16046394-7d6cbb00/;2015;;Truck;2449624;1990000;85000;Цена с НДС
