Model;URL;Year;Price;Mileage;VehicleType;Make;Supplier;VATIncluded;Location
SN24;https://auto.ru/trailer/used/sale/kogel/sn24/16601912-b4ba5a99/;2012;1200000;;Curtainsider;KOGEL;Global Truck Sales Москва Север;;Москва
SKO;https://auto.ru/trailer/used/sale/schmitz_cargobull/sko/16629238-df27329f/;2012;2500000;1000000;Refrigerator;SCHMITZ CARGOBULL;;;Санкт-Петербург
SD;https://auto.ru/trailer/used/sale/krone/sd/16128956-35641e19/;2017;2200000;160000;Curtainsider;KRONE;Группа ГРАССМАНН и ЛОМТЕВ;Цена с НДС;Москва
SCS Mega;https://auto.ru/trailer/used/sale/schmitz_cargobull/scs_mega/16632264-14f06995/;2013;1355328;650000;Curtainsider;SCHMITZ CARGOBULL;;;Смоленская область
SKO;https://auto.ru/trailer/used/sale/schmitz_cargobull/sko/16639058-a1de0f74/;2017;4330000;;Refrigerator;SCHMITZ CARGOBULL;ClassTrucks;;Москва
SD;https://auto.ru/trailer/used/sale/krone/sd/16636122-b6296f0e/;2013;1350000;100000;Curtainsider;KRONE;;;Супонево
Kassbohrer;https://auto.ru/trailer/used/sale/kaessbohrer/kaessbohrer/16618076-a175eb15/;2012;950000;500000;Curtainsider;KAESSBOHRER;;;Казань
SDR 27;https://auto.ru/trailer/used/sale/krone/sdr_27/16591160-f8a48fbb/;2004;1050000;;Refrigerator;KRONE;;;Томск
NS;https://auto.ru/trailer/used/sale/wielton/ns/16629550-3a93e997/;2012;800000;1000000;Curtainsider;WIELTON;;;Смоленск
S01;https://auto.ru/trailer/used/sale/schmitz_cargobull/s01/16616464-8a1ccc70/;2006;350000;399000;Curtainsider;SCHMITZ CARGOBULL;ТРАК ПЛАТФОРМА;;Люберцы
SD;https://auto.ru/trailer/used/sale/krone/sd/16461996-f4fd6386/;2017;4320000;;Refrigerator;KRONE;Юнион КРОНЕ Кимовск;;Кимовск
SD;https://auto.ru/trailer/used/sale/krone/sd/16276444-66550df3/;2008;780000;10000;Curtainsider;KRONE;Global Truck Sales Москва Север;;Зеленоград
SD;https://auto.ru/trailer/used/sale/krone/sd/16639854-82366db0/;2007;670000;111111;Curtainsider;KRONE;;;Нижний Новгород
S01;https://auto.ru/trailer/used/sale/schmitz_cargobull/s01/16570948-8f1976ec/;2008;949000;;Curtainsider;SCHMITZ CARGOBULL;GROSS AUTO;;Москва
Profi Liner;https://auto.ru/trailer/used/sale/krone/profi_liner/16596116-261c0cbb/;2017;2000000;100000;Curtainsider;KRONE;M7 TRUCK Санкт-Петербург;Цена с НДС;Санкт-Петербург
SD;https://auto.ru/trailer/used/sale/krone/sd/16585344-aae9c816/;2016;1880000;50000;Curtainsider;KRONE;;;Москва
SKO;https://auto.ru/trailer/used/sale/schmitz_cargobull/sko/16456238-f14198c4/;2010;2300000;;Refrigerator;SCHMITZ CARGOBULL;Юнион КРОНЕ Кимовск;;Кимовск
SKO;https://auto.ru/trailer/used/sale/schmitz_cargobull/sko/16555916-fe3827fa/;2008;1900000;;Refrigerator;SCHMITZ CARGOBULL;;;Брянск
SKO;https://auto.ru/trailer/used/sale/schmitz_cargobull/sko/16644430-995b14ca/;2017;4340000;;Refrigerator;SCHMITZ CARGOBULL;ClassTrucks;;Екатеринбург
S01;https://auto.ru/trailer/used/sale/schmitz_cargobull/s01/16452278-cc963d51/;2007;790000;740245;Platform;SCHMITZ CARGOBULL;АГТ-Трейдинг;;Москва
SPR;https://auto.ru/trailer/used/sale/schmitz_cargobull/spr/16622544-e265c459/;2018;2230000;180000;Curtainsider;SCHMITZ CARGOBULL;Триера Трак;Цена с НДС;Дубровки
SV24;https://auto.ru/trailer/used/sale/kogel/sv24/16643770-8c872a33/;2014;3100000;100000;Refrigerator;KOGEL;;;Москва
SN24;https://auto.ru/trailer/used/sale/kogel/sn24/16466976-7ae5b1a2/;2013;1370000;;Curtainsider;KOGEL;;;Челябинск
SD;https://auto.ru/trailer/used/sale/krone/sd/15983512-26fc8ce9/;2008;2300000;;Refrigerator;KRONE;;;Екатеринбург
SPR;https://auto.ru/trailer/used/sale/schmitz_cargobull/spr/16557908-a6679f52/;2008;780000;;Platform;SCHMITZ CARGOBULL;GROSS AUTO;;Москва
SKO;https://auto.ru/trailer/used/sale/schmitz_cargobull/sko/16626490-a7903c46/;2008;1800000;1000000;Refrigerator;SCHMITZ CARGOBULL;;;Брянск
SVKT24;https://auto.ru/trailer/used/sale/kogel/svkt24/10644625-8ed3ce07/;2002;790000;550000;Refrigerator;KOGEL;;;Евпатория
S24;https://auto.ru/trailer/used/sale/kogel/s24/16353522-b7c2158d/;2014;3700000;50000;Refrigerator;KOGEL;;;Самара
SD;https://auto.ru/trailer/used/sale/krone/sd/16642960-39a40d5a/;2015;1950000;295000;Curtainsider;KRONE;ГК Автологистика спецтехника;Цена с НДС;Москва
SCB;https://auto.ru/trailer/used/sale/schmitz_cargobull/scb/16622512-dca21074/;2016;1750000;41000;Curtainsider;SCHMITZ CARGOBULL;Триера Трак;Цена с НДС;Дубровки
S01;https://auto.ru/trailer/used/sale/schmitz_cargobull/s01/16619212-ac9d78a6/;2011;1260000;700;Curtainsider;SCHMITZ CARGOBULL;;;Красноярск
SD;https://auto.ru/trailer/used/sale/krone/sd/16620076-4e424dd0/;2007;850000;1000;Curtainsider;KRONE;"ООО ""Трак""";;Екатеринбург
S24;https://auto.ru/trailer/used/sale/kogel/s24/16616742-a1c133e8/;2012;1150000;10;Curtainsider;KOGEL;700 МАШИН;;Елино
SN24;https://auto.ru/trailer/used/sale/kogel/sn24/16331576-888f8bff/;2009;850000;100;Platform;KOGEL;;;Дорогобуж
SKO;https://auto.ru/trailer/used/sale/schmitz_cargobull/sko/16577320-d716ef2a/;2018;4710000;;Refrigerator;SCHMITZ CARGOBULL;ClassTrucks;;Москва
S01;https://auto.ru/trailer/used/sale/schmitz_cargobull/s01/16641608-63f6445b/;2005;625000;655000;Curtainsider;SCHMITZ CARGOBULL;;;Тольятти
SKO;https://auto.ru/trailer/used/sale/schmitz_cargobull/sko/16559270-9a27dd55/;2011;2350000;659000;Refrigerator;SCHMITZ CARGOBULL;;;Ростов-на-Дону
Krone;https://auto.ru/trailer/used/sale/krone/krone/16621604-a18c7129/;2007;750000;120000;Curtainsider;KRONE;;;Санкт-Петербург
SN24;https://auto.ru/trailer/used/sale/kogel/sn24/16511188-f10326e5/;2012;1100000;400000;Curtainsider;KOGEL;;;Москва и Московская область
SCS;https://auto.ru/trailer/used/sale/schmitz_cargobull/scs/16593274-be955f79/;2007;650000;;Curtainsider;SCHMITZ CARGOBULL;PRO АВТО;;Люберцы
SKO;https://auto.ru/trailer/used/sale/schmitz_cargobull/sko/16618998-e3cf11c5/;2004;1050000;;Refrigerator;SCHMITZ CARGOBULL;;;Омск
SDP 27;https://auto.ru/trailer/used/sale/krone/sdp_27/16557672-2665602f/;2007;780000;;Curtainsider;KRONE;GROSS AUTO;;Москва
SKO;https://auto.ru/trailer/used/sale/schmitz_cargobull/sko/16429814-570f1779/;2004;1530000;650000;Refrigerator;SCHMITZ CARGOBULL;АГТ-Трейдинг;;Москва
SKO;https://auto.ru/trailer/used/sale/schmitz_cargobull/sko/16645458-51a0985f/;2017;4700000;125000;Refrigerator;SCHMITZ CARGOBULL;АГТ-Трейдинг;;Москва
SN24;https://auto.ru/trailer/used/sale/kogel/sn24/16631292-956beefd/;2015;1150000;600000;Curtainsider;KOGEL;;;Москва
SD;https://auto.ru/trailer/used/sale/krone/sd/16618174-bcb6c58a/;2018;2400000;105000;Curtainsider;KRONE;Группа Милан;Цена с НДС;Санкт-Петербург
SD;https://auto.ru/trailer/used/sale/krone/sd/16318138-986679e9/;2008;1699999;;Refrigerator;KRONE;;;Хабаровск
Profi Liner;https://auto.ru/trailer/used/sale/krone/profi_liner/16639904-04d4ad0b/;2012;875000;600000;Curtainsider;KRONE;M7 TRUCK Набережные Челны;;Набережные Челны
SPR;https://auto.ru/trailer/used/sale/schmitz_cargobull/spr/16600412-4a30a5e9/;2008;850000;750000;Platform;SCHMITZ CARGOBULL;АГТ-Трейдинг;;Москва
SKO;https://auto.ru/trailer/used/sale/schmitz_cargobull/sko/16635410-6048e62d/;2014;2500000;300000;Refrigerator;SCHMITZ CARGOBULL;CargoLine group;Цена с НДС;Ольша
SCB;https://auto.ru/trailer/used/sale/schmitz_cargobull/scb/16622538-5a6df6db/;2018;2290000;44000;Curtainsider;SCHMITZ CARGOBULL;Триера Трак;Цена с НДС;Дубровки
SKO;https://auto.ru/trailer/used/sale/schmitz_cargobull/sko/16639990-5433dc67/;2017;4330000;;Refrigerator;SCHMITZ CARGOBULL;ClassTrucks;;Тосно
S01;https://auto.ru/trailer/used/sale/schmitz_cargobull/s01/16578914-88b7c4c7/;2015;3700000;350000;Refrigerator;SCHMITZ CARGOBULL;Транзит-Дон Москва;;Москва
SD;https://auto.ru/trailer/used/sale/krone/sd/16635570-5fa93ad8/;2017;2295000;555392;Curtainsider;KRONE;ТРАНСАЛЬЯНС Москва;Цена с НДС;Солнечногорск
SKO;https://auto.ru/trailer/used/sale/schmitz_cargobull/sko/16517046-ae2589b5/;2005;1600000;;Refrigerator;SCHMITZ CARGOBULL;;;Ейск
SKO;https://auto.ru/trailer/used/sale/schmitz_cargobull/sko/16619396-0c874244/;2017;4250000;50000;Refrigerator;SCHMITZ CARGOBULL;M7 TRUCK Санкт-Петербург;Цена с НДС;Санкт-Петербург
S24;https://auto.ru/trailer/used/sale/kogel/s24/16640018-3c547230/;2014;1570000;199000;Curtainsider;KOGEL;ТРАК ПЛАТФОРМА;Цена с НДС;Люберцы
SKO;https://auto.ru/trailer/used/sale/schmitz_cargobull/sko/16628740-ed016bb1/;2006;2520000;780000;Refrigerator;SCHMITZ CARGOBULL;АГТ-Трейдинг;;Москва
SCS Mega;https://auto.ru/trailer/used/sale/schmitz_cargobull/scs_mega/16607372-6de7712f/;2015;1399777;650000;Curtainsider;SCHMITZ CARGOBULL;ТТ777;;Москва
SKO;https://auto.ru/trailer/used/sale/schmitz_cargobull/sko/16612764-2d656006/;2004;1300000;20000;Refrigerator;SCHMITZ CARGOBULL;;;Волгоград
SKO;https://auto.ru/trailer/used/sale/schmitz_cargobull/sko/16567408-d082ea7f/;2011;2550000;990000;Refrigerator;SCHMITZ CARGOBULL;Монополия;Цена с НДС;Санкт-Петербург
SD;https://auto.ru/trailer/used/sale/krone/sd/16635452-488d1fce/;2017;2300000;400000;Curtainsider;KRONE;ТРАНСАЛЬЯНС Москва;Цена с НДС;Солнечногорск
SKO;https://auto.ru/trailer/used/sale/schmitz_cargobull/sko/16638736-c5bfdbe6/;2019;5190000;136000;Refrigerator;SCHMITZ CARGOBULL;АЙС КУБ;Цена с НДС;Солнечногорск
SKO;https://auto.ru/trailer/used/sale/schmitz_cargobull/sko/16544351-73f22476/;2001;1200000;;Refrigerator;SCHMITZ CARGOBULL;;;Екатеринбург
SN24;https://auto.ru/trailer/used/sale/kogel/sn24/16088414-81979c12/;2012;1200000;500000;Platform;KOGEL;СибТракСкан;;Новосибирск
SD;https://auto.ru/trailer/used/sale/krone/sd/16275240-ac4856f7/;2017;2050000;;Curtainsider;KRONE;Группа Милан;Цена с НДС;Санкт-Петербург
SDP 27;https://auto.ru/trailer/used/sale/krone/sdp_27/16435980-4caccdb6/;2000;530000;700000;Curtainsider;KRONE;;;Красноярск
Profi Liner;https://auto.ru/trailer/used/sale/krone/profi_liner/16553610-b0ba0579/;2007;780000;300000;Curtainsider;KRONE;M7 TRUCK Набережные Челны;;Набережные Челны
SKO;https://auto.ru/trailer/used/sale/schmitz_cargobull/sko/16624998-522090d0/;2013;1950000;500000;Refrigerator;SCHMITZ CARGOBULL;;;Казань
SCS;https://auto.ru/trailer/used/sale/schmitz_cargobull/scs/16387516-55888ecb/;2012;1250000;;Curtainsider;SCHMITZ CARGOBULL;СибТракСкан;;Новосибирск
Krone;https://auto.ru/trailer/used/sale/krone/krone/16645674-3accdaff/;2010;2099000;500000;Refrigerator;KRONE;;;Москва
Cool Liner;https://auto.ru/trailer/used/sale/krone/cool_liner/16622400-34ab33b6/;2012;2660000;680000;Refrigerator;KRONE;Триера Трак;Цена с НДС;Дубровки
SKO;https://auto.ru/trailer/used/sale/schmitz_cargobull/sko/16621430-d2f6e9fb/;2016;3800000;320000;Refrigerator;SCHMITZ CARGOBULL;АГТ-Трейдинг;Цена с НДС;Москва
SKO;https://auto.ru/trailer/used/sale/schmitz_cargobull/sko/16613506-4ddc3a27/;2005;985000;;Refrigerator;SCHMITZ CARGOBULL;;;Красноярск
SD;https://auto.ru/trailer/used/sale/krone/sd/16611114-747d4d9b/;2005;650000;600000;Platform;KRONE;;;Санкт-Петербург
SCS Mega;https://auto.ru/trailer/used/sale/schmitz_cargobull/scs_mega/16617954-e4b45dd9/;2015;1347777;610000;Curtainsider;SCHMITZ CARGOBULL;ТТ777;Цена с НДС;Москва
SKO;https://auto.ru/trailer/used/sale/schmitz_cargobull/sko/16568894-990d5750/;2018;4150000;;Refrigerator;SCHMITZ CARGOBULL;Альфа-Лизинг Москва;;Красногорск
SKO;https://auto.ru/trailer/used/sale/schmitz_cargobull/sko/16476146-cf514188/;2017;4450000;;Refrigerator;SCHMITZ CARGOBULL;SGM-GROUP;;Москва
SV24;https://auto.ru/trailer/used/sale/kogel/sv24/16568436-eb2e74c3/;2008;1510000;;Refrigerator;KOGEL;ГРУЗ СОЮЗ;;Москва
Krone;https://auto.ru/trailer/used/sale/krone/krone/16530980-cb008d23/;2011;2150000;350000;Refrigerator;KRONE;Транзит-Дон Гипермаркет;;Ростов-на-Дону
SPR;https://auto.ru/trailer/used/sale/schmitz_cargobull/spr/16638372-1a3ba39b/;2007;750000;;Platform;SCHMITZ CARGOBULL;;;Екатеринбург
SD;https://auto.ru/trailer/used/sale/krone/sd/16287894-849b80f7/;2007;930000;;Curtainsider;KRONE;Восток;;Санкт-Петербург
SCS;https://auto.ru/trailer/used/sale/schmitz_cargobull/scs/16631316-d225cf0e/;2018;2390000;120000;Curtainsider;SCHMITZ CARGOBULL;АГТ-Трейдинг;;Москва
SPR;https://auto.ru/trailer/used/sale/schmitz_cargobull/spr/16627122-372da9af/;2006;650000;;Curtainsider;SCHMITZ CARGOBULL;;;Краснодар
SD;https://auto.ru/trailer/used/sale/krone/sd/16619244-3bcb050e/;2017;2100000;250000;Curtainsider;KRONE;ООО Группа Авто;Цена с НДС;Рязань
SD;https://auto.ru/trailer/used/sale/krone/sd/16604894-9ab24682/;2017;2030000;50;Curtainsider;KRONE;Юнион КРОНЕ Кимовск;;Кимовск
;https://auto.ru/trailer/used/sale/meusburger/tentovanniy_polupricep/16619560-56f8ac60/;2015;1637000;200000;Curtainsider;MEUSBURGER;M7 TRUCK Москва;Цена с НДС;Чёрная Грязь
SKO;https://auto.ru/trailer/used/sale/schmitz_cargobull/sko/16598110-8d63656e/;2008;1050000;;Curtainsider;SCHMITZ CARGOBULL;;;Новомосковск
SD;https://auto.ru/trailer/used/sale/krone/sd/16524836-02a7a827/;2011;2000000;299000;Refrigerator;KRONE;ТРАК ПЛАТФОРМА;;Люберцы
SCS;https://auto.ru/trailer/used/sale/schmitz_cargobull/scs/16325414-531aac74/;2012;950000;10000;Curtainsider;SCHMITZ CARGOBULL;"ООО ""Трак""";;Екатеринбург
SDP 27;https://auto.ru/trailer/used/sale/krone/sdp_27/16402208-8991b292/;2007;735000;;Curtainsider;KRONE;Global Truck Sales Екатеринбург;;Екатеринбург
S24;https://auto.ru/trailer/used/sale/kogel/s24/16619562-bf9561ac/;2019;2719692;2000;Curtainsider;KOGEL;;;Екатеринбург
SCB;https://auto.ru/trailer/used/sale/schmitz_cargobull/scb/16606162-8eee848f/;2008;999999;1000000;Curtainsider;SCHMITZ CARGOBULL;;;Лебедянь
SKO;https://auto.ru/trailer/used/sale/schmitz_cargobull/sko/16639838-25d6bf5d/;2018;4400000;315000;Refrigerator;SCHMITZ CARGOBULL;;;Жуковский
SN24;https://auto.ru/trailer/used/sale/kogel/sn24/16499400-fd447fd2/;2016;1750000;575000;Platform;KOGEL;ТРАНСАЛЬЯНС Москва;Цена с НДС;Солнечногорск
SCS;https://auto.ru/trailer/used/sale/schmitz_cargobull/scs/16081320-75ce3f15/;2012;950000;;Curtainsider;SCHMITZ CARGOBULL;"ООО ""Трак""";;Екатеринбург
SDP 27;https://auto.ru/trailer/used/sale/krone/sdp_27/16507116-8affd7bb/;2000;240000;220000;Platform;KRONE;;;Калининград
Profi Liner;https://auto.ru/trailer/used/sale/krone/profi_liner/16482322-1e0baecd/;2008;880000;;Curtainsider;KRONE;M7 TRUCK Набережные Челны;;Набережные Челны
S01;https://auto.ru/trailer/used/sale/schmitz_cargobull/s01/16366722-e7a2bbf3/;2005;550000;;Curtainsider;SCHMITZ CARGOBULL;PRO АВТО;;Люберцы
SKO;https://auto.ru/trailer/used/sale/schmitz_cargobull/sko/16640090-c185e77f/;2017;4340000;;Refrigerator;SCHMITZ CARGOBULL;ClassTrucks;;Тосно
SN24;https://auto.ru/trailer/used/sale/kogel/sn24/16642254-0adc6f60/;2012;995000;100000;Curtainsider;KOGEL;;;Борисоглебск
SKO;https://auto.ru/trailer/used/sale/schmitz_cargobull/sko/16571252-4164a881/;2007;1499000;;Refrigerator;SCHMITZ CARGOBULL;GROSS AUTO;Цена с НДС;Москва
SCS;https://auto.ru/trailer/used/sale/schmitz_cargobull/scs/16643392-4d8c9771/;2013;1400000;;Curtainsider;SCHMITZ CARGOBULL;BS-Truck;;
SKO;https://auto.ru/trailer/used/sale/schmitz_cargobull/sko/16306286-b148dff6/;2002;700000;500000;Refrigerator;SCHMITZ CARGOBULL;;;Чита
SN24;https://auto.ru/trailer/used/sale/kogel/sn24/16573646-c84747e2/;2011;990000;200000;Curtainsider;KOGEL;ТРАК ПЛАТФОРМА;;Люберцы
ZKO;https://auto.ru/trailer/used/sale/schmitz_cargobull/zko/16133020-b8902011/;2004;300000;750000;Refrigerator;SCHMITZ CARGOBULL;;;Почеп
SN24;https://auto.ru/trailer/used/sale/kogel/sn24/16619740-5acfac77/;2012;1100000;780000;Curtainsider;KOGEL;;;Гусь-Хрустальный
SCS;https://auto.ru/trailer/used/sale/schmitz_cargobull/scs/16380788-3433c74e/;2016;2050000;550000;Platform;SCHMITZ CARGOBULL;TELS Group;;Хоругвино
SPR;https://auto.ru/trailer/used/sale/schmitz_cargobull/spr/15991236-4ced652e/;2011;950000;895000;Platform;SCHMITZ CARGOBULL;РосТрансАвто Брянск;;Брянск
SKO;https://auto.ru/trailer/used/sale/schmitz_cargobull/sko/16645480-1c21353e/;2017;4700000;110000;Refrigerator;SCHMITZ CARGOBULL;АГТ-Трейдинг;;Москва
SDP 27;https://auto.ru/trailer/used/sale/krone/sdp_27/16582388-a8696e85/;2006;580000;200000;Curtainsider;KRONE;ТРАК ПЛАТФОРМА;;Люберцы
;https://auto.ru/trailer/used/sale/meusburger/tentovanniy_polupricep/16461988-d7ffe9f9/;2014;1600000;;Curtainsider;MEUSBURGER;Global Truck Sales Екатеринбург;;Екатеринбург
SDP 27;https://auto.ru/trailer/used/sale/krone/sdp_27/16624104-64240d59/;2005;580000;;Curtainsider;KRONE;;;Барнаул
9746;https://auto.ru/trailer/used/sale/tonar/9746/16644296-c70ac7a3/;2008;385000;;Platform;TONAR;;;Улан-Удэ
SDP 27;https://auto.ru/trailer/used/sale/krone/sdp_27/16562084-41bc4ad5/;2005;845000;300000;Curtainsider;KRONE;M7 TRUCK Москва;;Чёрная Грязь
S01;https://auto.ru/trailer/used/sale/schmitz_cargobull/s01/16230854-65d360be/;2005;750000;;Curtainsider;SCHMITZ CARGOBULL;;;Калуга
SKO;https://auto.ru/trailer/used/sale/schmitz_cargobull/sko/16643834-a52739fb/;2012;3000000;450000;Refrigerator;SCHMITZ CARGOBULL;СТТ-АВТО;;Домодедово
SKO;https://auto.ru/trailer/used/sale/schmitz_cargobull/sko/16645510-d020498f/;2010;2900000;560000;Refrigerator;SCHMITZ CARGOBULL;АГТ-Трейдинг;;Москва
SD;https://auto.ru/trailer/used/sale/krone/sd/16621288-b71d5433/;2011;2250000;;Refrigerator;KRONE;Global Truck Sales Москва Север;;Москва
SN24;https://auto.ru/trailer/used/sale/kogel/sn24/16615314-90032c50/;2012;1250000;800000;Platform;KOGEL;;;Ачинск
9746;https://auto.ru/trailer/used/sale/tonar/9746/16610406-91c2e79e/;2005;295000;499000;Platform;TONAR;ТРАК ПЛАТФОРМА;;Люберцы
SN24;https://auto.ru/trailer/used/sale/kogel/sn24/16564578-54d783b0/;2007;750000;;Platform;KOGEL;;;Красноярск
Kassbohrer;https://auto.ru/trailer/used/sale/kaessbohrer/kaessbohrer/16643278-2e639d76/;2011;820000;860000;Curtainsider;KAESSBOHRER;;;Москва и Московская область
S01;https://auto.ru/trailer/used/sale/schmitz_cargobull/s01/16628662-2ede605e/;2000;450000;600000;Curtainsider;SCHMITZ CARGOBULL;;;Тейково
SN24;https://auto.ru/trailer/used/sale/kogel/sn24/16636534-107b8618/;2018;4300000;170000;Refrigerator;KOGEL;;;Калуга
SKO;https://auto.ru/trailer/used/sale/schmitz_cargobull/sko/16587312-36574937/;2015;3700000;450000;Refrigerator;SCHMITZ CARGOBULL;Транзит-Дон Краснодар;;Краснодар
SD;https://auto.ru/trailer/used/sale/krone/sd/16645250-08a47df6/;2018;2300000;;Curtainsider;KRONE;BS-Truck;;
SKO;https://auto.ru/trailer/used/sale/schmitz_cargobull/sko/16623430-5cadf7eb/;2017;4450000;120000;Refrigerator;SCHMITZ CARGOBULL;Мега-Транзит;Цена с НДС;Каменск-Шахтинский
SDP 27;https://auto.ru/trailer/used/sale/krone/sdp_27/16632540-cb856d1c/;2007;810000;700000;Curtainsider;KRONE;;;Курск
SD;https://auto.ru/trailer/used/sale/krone/sd/16583200-6e88b039/;2010;1980000;;Refrigerator;KRONE;;;Можга
SCB;https://auto.ru/trailer/used/sale/schmitz_cargobull/scb/16622374-8ce0fe88/;2017;3850000;260000;Refrigerator;SCHMITZ CARGOBULL;Триера Трак;Цена с НДС;Дубровки
SKO;https://auto.ru/trailer/used/sale/schmitz_cargobull/sko/16645544-c5b193d1/;2016;4350000;210000;Refrigerator;SCHMITZ CARGOBULL;АГТ-Трейдинг;;Москва
SD;https://auto.ru/trailer/used/sale/krone/sd/16638774-840b93d1/;2016;2500000;;Curtainsider;KRONE;Global Truck Sales Москва Север;Цена с НДС;Москва
SKO;https://auto.ru/trailer/used/sale/schmitz_cargobull/sko/16503882-e9be116c/;2011;1990000;299000;Refrigerator;SCHMITZ CARGOBULL;ТРАК ПЛАТФОРМА;;Люберцы
SDP 27;https://auto.ru/trailer/used/sale/krone/sdp_27/16629452-73c320b7/;2012;1450000;;Curtainsider;KRONE;BS-Truck;;Набережные Челны
SD;https://auto.ru/trailer/used/sale/krone/sd/16523362-3419ac34/;2009;900000;;Curtainsider;KRONE;;;Санкт-Петербург
SKO;https://auto.ru/trailer/used/sale/schmitz_cargobull/sko/16645524-96f05101/;2008;2700000;690000;Refrigerator;SCHMITZ CARGOBULL;АГТ-Трейдинг;;Москва
SDP 27;https://auto.ru/trailer/used/sale/krone/sdp_27/16613434-b7dee896/;2011;1060000;450000;Curtainsider;KRONE;;;Москва
S01;https://auto.ru/trailer/used/sale/schmitz_cargobull/s01/16567492-30b52e92/;2003;400000;;Curtainsider;SCHMITZ CARGOBULL;;;Екатеринбург
SKO;https://auto.ru/trailer/used/sale/schmitz_cargobull/sko/16466570-2f34e1ba/;2011;2300000;450000;Refrigerator;SCHMITZ CARGOBULL;СТТ-АВТО;;Домодедово
SCS;https://auto.ru/trailer/used/sale/schmitz_cargobull/scs/16643126-d95b4513/;2017;1899777;148274;Curtainsider;SCHMITZ CARGOBULL;ТТ777;;Москва
SDP 27;https://auto.ru/trailer/used/sale/krone/sdp_27/16642984-9dec7fbe/;2007;820000;;Curtainsider;KRONE;;;Курск
SD;https://auto.ru/trailer/used/sale/krone/sd/16622510-ea6fc037/;2011;1150000;;Curtainsider;KRONE;ГРУЗ СОЮЗ;;Москва
SKI;https://auto.ru/trailer/used/sale/schmitz_cargobull/ski/16636036-d74a2dd7/;2007;1600000;;Refrigerator;SCHMITZ CARGOBULL;;;Москва
SKO;https://auto.ru/trailer/used/sale/schmitz_cargobull/sko/16622356-7bad53b3/;2014;3400000;540000;Refrigerator;SCHMITZ CARGOBULL;АГТ-Трейдинг;;Москва
SKO;https://auto.ru/trailer/used/sale/schmitz_cargobull/sko/16308990-7d39ee6c/;2010;2600000;;Refrigerator;SCHMITZ CARGOBULL;;;Калининград
;https://auto.ru/trailer/used/sale/meusburger/tentovanniy_polupricep/16630072-0aaaf54f/;2015;1650000;380000;Curtainsider;MEUSBURGER;Триера Трак;Цена с НДС;Дубровки
SKO;https://auto.ru/trailer/used/sale/schmitz_cargobull/sko/16611208-7b8096af/;2017;3750000;280000;Refrigerator;SCHMITZ CARGOBULL;АТРАКС;;Набережные Челны
S24;https://auto.ru/trailer/used/sale/kogel/s24/16629642-a659cc01/;2017;1900000;140000;Platform;KOGEL;;;Курск
S01;https://auto.ru/trailer/used/sale/schmitz_cargobull/s01/16633766-0d98efcb/;2005;599000;;Curtainsider;SCHMITZ CARGOBULL;;;Челябинск
SD;https://auto.ru/trailer/used/sale/krone/sd/16628084-a3726d84/;2012;1190000;;Curtainsider;KRONE;Global Truck Sales Екатеринбург;;Екатеринбург
S01;https://auto.ru/trailer/used/sale/schmitz_cargobull/s01/16640568-9b472637/;2010;1120000;;Platform;SCHMITZ CARGOBULL;Global Truck Sales Москва Север;;Москва
S01;https://auto.ru/trailer/used/sale/schmitz_cargobull/s01/16526042-94e93a06/;2006;650000;;Curtainsider;SCHMITZ CARGOBULL;;;Дюртюли
9746;https://auto.ru/trailer/used/sale/tonar/9746/16492626-cd504ea1/;2008;550000;;Refrigerator;TONAR;ГРУЗ СОЮЗ;;Москва
SKO;https://auto.ru/trailer/used/sale/schmitz_cargobull/sko/16570610-beacf274/;2018;4500000;390000;Refrigerator;SCHMITZ CARGOBULL;ГРИН ЛАЙН;;Смоленск
Krone;https://auto.ru/trailer/used/sale/krone/krone/16634146-c4f80a22/;2014;1700000;549000;Curtainsider;KRONE;ТРАНСАЛЬЯНС Москва;Цена с НДС;Солнечногорск
SN24;https://auto.ru/trailer/used/sale/kogel/sn24/16559582-c526c70c/;2001;550000;;Platform;KOGEL;;;Смоленская область
SD;https://auto.ru/trailer/used/sale/krone/sd/16639778-25a572d5/;2013;1450000;;Curtainsider;KRONE;BS-Truck;Цена с НДС;Набережные Челны
SN24;https://auto.ru/trailer/used/sale/kogel/sn24/16520878-cb81974a/;2008;820000;100;Curtainsider;KOGEL;;;Курск
S01;https://auto.ru/trailer/used/sale/schmitz_cargobull/s01/16276792-b36f2809/;2003;1050000;;Curtainsider;SCHMITZ CARGOBULL;СпецТранс Карго;;Москва
SKO;https://auto.ru/trailer/used/sale/schmitz_cargobull/sko/16625668-38445749/;2004;1450000;;Refrigerator;SCHMITZ CARGOBULL;;;Истра
SKO;https://auto.ru/trailer/used/sale/schmitz_cargobull/sko/16639048-0069d6a3/;2017;4360000;;Refrigerator;SCHMITZ CARGOBULL;ClassTrucks;;Екатеринбург
SKO;https://auto.ru/trailer/used/sale/schmitz_cargobull/sko/16609146-9162965d/;2010;1990000;;Refrigerator;SCHMITZ CARGOBULL;Global Truck Sales Екатеринбург;Цена с НДС;Екатеринбург
NS;https://auto.ru/trailer/used/sale/wielton/ns/16645288-315a7332/;2009;940000;399000;Curtainsider;WIELTON;ТРАК ПЛАТФОРМА;;Люберцы
SKO;https://auto.ru/trailer/used/sale/schmitz_cargobull/sko/16630686-a9f5e7bf/;2017;4340000;;Refrigerator;SCHMITZ CARGOBULL;ClassTrucks;;Москва
SD;https://auto.ru/trailer/used/sale/krone/sd/16639084-676533cc/;2013;1600000;;Curtainsider;KRONE;СпецТранс Карго;;Москва
S01;https://auto.ru/trailer/used/sale/schmitz_cargobull/s01/16607430-0ce16ce3/;2006;609000;200000;Platform;SCHMITZ CARGOBULL;M7 TRUCK Москва;;Чёрная Грязь
SD;https://auto.ru/trailer/used/sale/krone/sd/16634294-6186c13c/;2005;780000;780000;Curtainsider;KRONE;Триера Трак;Цена с НДС;Дубровки
SDP 27;https://auto.ru/trailer/used/sale/krone/sdp_27/16153648-9d15e589/;2005;700000;;Platform;KRONE;;;Брянск
SKO;https://auto.ru/trailer/used/sale/schmitz_cargobull/sko/16609865-1804456f/;2010;3100000;640000;Refrigerator;SCHMITZ CARGOBULL;АГТ-Трейдинг;;Москва
SD;https://auto.ru/trailer/used/sale/krone/sd/16582298-c84aafc1/;2017;4320000;50;Refrigerator;KRONE;Юнион КРОНЕ Кимовск;;Кимовск
SKO;https://auto.ru/trailer/used/sale/schmitz_cargobull/sko/16612100-d0dd848d/;2018;4680000;;Refrigerator;SCHMITZ CARGOBULL;ClassTrucks;;Москва
SN24;https://auto.ru/trailer/used/sale/kogel/sn24/16522360-e85108ef/;2001;450000;;Platform;KOGEL;;;Ростов-на-Дону
S24;https://auto.ru/trailer/used/sale/kogel/s24/16590468-70fc7637/;2018;4050000;;Refrigerator;KOGEL;Global Truck Sales Москва Север;;Москва
SD;https://auto.ru/trailer/used/sale/krone/sd/16552836-b49f8fbe/;2005;780000;780000;Curtainsider;KRONE;Триера Трак;Цена с НДС;Дубровки
SKO;https://auto.ru/trailer/used/sale/schmitz_cargobull/sko/16575410-f1bd8515/;2017;4570000;;Refrigerator;SCHMITZ CARGOBULL;ClassTrucks;;Тосно
SKO;https://auto.ru/trailer/used/sale/schmitz_cargobull/sko/15882195-ad3fef4b/;2006;1880000;638163;Refrigerator;SCHMITZ CARGOBULL;АГТ-Трейдинг;;Москва
SDR 27;https://auto.ru/trailer/used/sale/krone/sdr_27/16291858-8dcb9f2a/;2003;750000;;Refrigerator;KRONE;;;Нижний Новгород
SCS;https://auto.ru/trailer/used/sale/schmitz_cargobull/scs/16148134-d61c8238/;2012;900000;300000;Curtainsider;SCHMITZ CARGOBULL;;;Бор
SD;https://auto.ru/trailer/used/sale/krone/sd/16369152-f2edb0dd/;2011;1820000;900000;Refrigerator;KRONE;;;Белгород
SD;https://auto.ru/trailer/used/sale/krone/sd/16565284-d8f1d0dc/;2008;800000;800000;Curtainsider;KRONE;;;Кострома
SKO;https://auto.ru/trailer/used/sale/schmitz_cargobull/sko/16635282-fcf7dca5/;2019;5200000;55000;Refrigerator;SCHMITZ CARGOBULL;;;Махачкала
NS;https://auto.ru/trailer/used/sale/wielton/ns/16383058-c7587cd5/;2012;1090000;400000;Platform;WIELTON;АГТ-Трейдинг;;Москва
SV24;https://auto.ru/trailer/used/sale/kogel/sv24/16568544-60c202b7/;2018;4300000;150000;Refrigerator;KOGEL;ЮгТрейлер;Цена с НДС;Краснодар
SDC 27;https://auto.ru/trailer/used/sale/krone/sdc_27/16459854-4b10d64b/;2005;1080000;350000;Refrigerator;KRONE;;;Ибреси
Coil Liner;https://auto.ru/trailer/used/sale/krone/coil_liner/16377964-f9035e2d/;2012;2700000;;Refrigerator;KRONE;;;Пятигорск
SKO;https://auto.ru/trailer/used/sale/schmitz_cargobull/sko/16573984-f0569e5a/;2012;2630000;200000;Refrigerator;SCHMITZ CARGOBULL;M7 TRUCK Москва;Цена с НДС;Чёрная Грязь
S01;https://auto.ru/trailer/used/sale/schmitz_cargobull/s01/16559446-6403c4d1/;2016;1850000;;Curtainsider;SCHMITZ CARGOBULL;ГРУЗ СОЮЗ;;Москва
Coil Liner;https://auto.ru/trailer/used/sale/krone/coil_liner/16622568-0dd18c32/;2008;920000;300000;Curtainsider;KRONE;M7 TRUCK Москва;Цена с НДС;Чёрная Грязь
SKO;https://auto.ru/trailer/used/sale/schmitz_cargobull/sko/16619614-1d3ab843/;2018;4690000;;Refrigerator;SCHMITZ CARGOBULL;ClassTrucks;;Тосно
SDP 27;https://auto.ru/trailer/used/sale/krone/sdp_27/16619156-ebcec73f/;2007;750000;900000;Curtainsider;KRONE;;;Брянск
Krone;https://auto.ru/trailer/used/sale/krone/krone/16627722-fc6e3fa9/;2016;3980000;;Refrigerator;KRONE;ClassTrucks;;Москва
SN24;https://auto.ru/trailer/used/sale/kogel/sn24/16533568-20531dd6/;2008;820000;100;Platform;KOGEL;;;Курск
Krone;https://auto.ru/trailer/used/sale/krone/krone/16617780-ee0582e7/;2006;790000;;Platform;KRONE;;;Кострома
SDP 27;https://auto.ru/trailer/used/sale/krone/sdp_27/16566258-d39b767d/;2007;505000;;Platform;KRONE;;;Старый Оскол
SD;https://auto.ru/trailer/used/sale/krone/sd/16021824-9e4a50ce/;2008;1000000;800000;Refrigerator;KRONE;;;Кострома
SKO;https://auto.ru/trailer/used/sale/schmitz_cargobull/sko/16486840-196142ee/;2015;3399777;500000;Refrigerator;SCHMITZ CARGOBULL;ТТ777;;Москва
Krone;https://auto.ru/trailer/used/sale/krone/krone/16525968-cc744c4b/;2005;650000;;Platform;KRONE;;;Киров
SD;https://auto.ru/trailer/used/sale/krone/sd/16307578-0eee1f3c/;2012;1400000;45000;Curtainsider;KRONE;;;Воронеж
SV24;https://auto.ru/trailer/used/sale/kogel/sv24/16616980-8b8843cd/;2008;1350000;200000;Refrigerator;KOGEL;Лаки Логистик;;Москва
SD;https://auto.ru/trailer/used/sale/krone/sd/16221538-dc0b9051/;2011;1250000;;Curtainsider;KRONE;;;Сухой Лог
SD;https://auto.ru/trailer/used/sale/krone/sd/16552674-aa7bba3d/;2018;2450000;71000;Curtainsider;KRONE;Группа ГРАССМАНН и ЛОМТЕВ;Цена с НДС;Москва
SKO;https://auto.ru/trailer/used/sale/schmitz_cargobull/sko/16634662-e8397bae/;2004;620000;900000;Platform;SCHMITZ CARGOBULL;;;Нижний Новгород
SKO;https://auto.ru/trailer/used/sale/schmitz_cargobull/sko/16511044-e509ed5f/;2009;2500000;;Refrigerator;SCHMITZ CARGOBULL;;;Муром
SKO;https://auto.ru/trailer/used/sale/schmitz_cargobull/sko/16587252-7093554c/;2002;980000;;Refrigerator;SCHMITZ CARGOBULL;;;Иркутск
SD;https://auto.ru/trailer/used/sale/krone/sd/16604979-6d738a78/;2017;1980000;50;Curtainsider;KRONE;Юнион КРОНЕ Кимовск;;Кимовск
S01;https://auto.ru/trailer/used/sale/schmitz_cargobull/s01/16554126-272870a1/;2006;700000;1000000;Curtainsider;SCHMITZ CARGOBULL;M7 TRUCK Казань;;Новониколаевский
Profi Liner;https://auto.ru/trailer/used/sale/krone/profi_liner/16639294-87a0eeac/;2008;940000;;Curtainsider;KRONE;Транзит-Дон Гипермаркет;Цена с НДС;Ростов-на-Дону
SDP 27;https://auto.ru/trailer/used/sale/krone/sdp_27/16634450-c3851b47/;2004;450000;;Curtainsider;KRONE;;;Волжский
SKO;https://auto.ru/trailer/used/sale/schmitz_cargobull/sko/16628008-49afe8c3/;2013;3300000;;Refrigerator;SCHMITZ CARGOBULL;Global Truck Sales Москва Север;Цена с НДС;Москва
Krone;https://auto.ru/trailer/used/sale/krone/krone/16465832-2b253c54/;2006;1250000;;Refrigerator;KRONE;;;Красноярск
Mega Liner;https://auto.ru/trailer/used/sale/krone/mega_liner/16476142-ac95fe90/;2009;670000;500000;Curtainsider;KRONE;SGM-GROUP;;Москва
SD;https://auto.ru/trailer/used/sale/krone/sd/16643782-914767c3/;2008;700000;;Curtainsider;KRONE;ГРУЗ СОЮЗ;;Москва
SD;https://auto.ru/trailer/used/sale/krone/sd/16621006-08405677/;2010;2250000;999999;Refrigerator;KRONE;;;Саранск
SDP 27;https://auto.ru/trailer/used/sale/krone/sdp_27/16206504-3ca1c23c/;2007;600000;500000;Curtainsider;KRONE;;;Новосибирск
SKO;https://auto.ru/trailer/used/sale/schmitz_cargobull/sko/16215520-d586638c/;2007;1450000;;Refrigerator;SCHMITZ CARGOBULL;Совкомбанк-Лизинг Москва;;Пермский край
SDP 27;https://auto.ru/trailer/used/sale/krone/sdp_27/16641336-d6043fd2/;2006;700000;800000;Curtainsider;KRONE;;;Москва
SPR;https://auto.ru/trailer/used/sale/schmitz_cargobull/spr/16535582-abaa5526/;2008;630000;;Curtainsider;SCHMITZ CARGOBULL;ГРУЗ СОЮЗ;;Москва
SDP 27;https://auto.ru/trailer/used/sale/krone/sdp_27/16622610-24284739/;2007;700000;;Curtainsider;KRONE;ГРУЗ СОЮЗ;;Москва
SKO;https://auto.ru/trailer/used/sale/schmitz_cargobull/sko/16614204-f7008172/;2017;4320000;;Refrigerator;SCHMITZ CARGOBULL;ClassTrucks;;Москва
Profi Liner;https://auto.ru/trailer/used/sale/krone/profi_liner/15779398-875a8527/;2011;1320000;;Curtainsider;KRONE;;;Ульяновск
SKO;https://auto.ru/trailer/used/sale/schmitz_cargobull/sko/16627724-4e17b5e8/;2018;4670000;;Refrigerator;SCHMITZ CARGOBULL;ClassTrucks;;Москва
S01;https://auto.ru/trailer/used/sale/schmitz_cargobull/s01/16586176-c60826e4/;2008;950000;;Curtainsider;SCHMITZ CARGOBULL;GROSS AUTO;;Москва
9746;https://auto.ru/trailer/used/sale/tonar/9746/16455590-f5f30023/;2017;1200000;300000;Curtainsider;TONAR;;Цена с НДС;Ангарск
SN24;https://auto.ru/trailer/used/sale/kogel/sn24/16628064-8f28fd7d/;2013;1250000;;Curtainsider;KOGEL;BS-Truck;;Набережные Челны
S24;https://auto.ru/trailer/used/sale/kogel/s24/16460794-b6725f1a/;2018;4030000;100000;Refrigerator;KOGEL;КомТоргТранс;;Подольск
Kassbohrer;https://auto.ru/trailer/used/sale/kaessbohrer/kaessbohrer/16637408-3dc7e641/;2019;2150000;60000;Platform;KAESSBOHRER;ЕвроТрак Mercedes-Benz Пермь;Цена с НДС;Пермь
SKO;https://auto.ru/trailer/used/sale/schmitz_cargobull/sko/16630682-eded2024/;2017;4310000;;Refrigerator;SCHMITZ CARGOBULL;ClassTrucks;;Москва
SN24;https://auto.ru/trailer/used/sale/kogel/sn24/16571104-d6674fdc/;2012;500000;;Platform;KOGEL;Авторынок МАКСКАР;;Новосибирск
SKO;https://auto.ru/trailer/used/sale/schmitz_cargobull/sko/16456218-1249e552/;2010;2300000;;Refrigerator;SCHMITZ CARGOBULL;Юнион КРОНЕ Кимовск;;Кимовск
SDP 27;https://auto.ru/trailer/used/sale/krone/sdp_27/15463611-8537fab0/;2003;450000;900000;Platform;KRONE;;;Псков
SCS;https://auto.ru/trailer/used/sale/schmitz_cargobull/scs/16585540-700f0e4e/;2017;2190000;;Curtainsider;SCHMITZ CARGOBULL;СГМ - ГРУПП;;Москва
9746;https://auto.ru/trailer/used/sale/tonar/9746/16578346-be5d3168/;2018;850000;100000;Platform;TONAR;;;Санкт-Петербург
Cool Liner;https://auto.ru/trailer/used/sale/krone/cool_liner/16619274-c9580d67/;2017;4600000;200000;Refrigerator;KRONE;ООО Группа Авто;Цена с НДС;Рязань
SCS;https://auto.ru/trailer/used/sale/schmitz_cargobull/scs/16468462-bdd3f311/;2018;2250000;;Curtainsider;SCHMITZ CARGOBULL;;;Тула
SN24;https://auto.ru/trailer/used/sale/kogel/sn24/16559810-a8d69fd1/;2006;690000;890000;Curtainsider;KOGEL;;;Вязьма
SN24;https://auto.ru/trailer/used/sale/kogel/sn24/16594922-45848f3c/;2007;400000;;Platform;KOGEL;ГРУЗ СОЮЗ;;Москва
SD;https://auto.ru/trailer/used/sale/krone/sd/16417313-fa1ffe33/;2004;550000;500000;Platform;KRONE;;;Калуга
SKO;https://auto.ru/trailer/used/sale/schmitz_cargobull/sko/15854272-44cd3be5/;2001;550000;500000;Refrigerator;SCHMITZ CARGOBULL;;;Брянск
SKO;https://auto.ru/trailer/used/sale/schmitz_cargobull/sko/16463420-aba8fc13/;2008;1950000;;Refrigerator;SCHMITZ CARGOBULL;Юнион КРОНЕ Кимовск;;Кимовск
Profi Liner;https://auto.ru/trailer/used/sale/krone/profi_liner/16615294-b2d56ce4/;2012;1330000;700;Curtainsider;KRONE;;;Красноярск
SD;https://auto.ru/trailer/used/sale/krone/sd/16625702-c5bc714d/;2018;4700000;154000;Refrigerator;KRONE;Группа Милан;Цена с НДС;Санкт-Петербург
SDR 27;https://auto.ru/trailer/used/sale/krone/sdr_27/15593410-2e146e2c/;2004;1200000;900000;Refrigerator;KRONE;;;Брянск
SCS;https://auto.ru/trailer/used/sale/schmitz_cargobull/scs/16409788-12595380/;2015;1390000;500;Curtainsider;SCHMITZ CARGOBULL;;;Москва
Cool Liner;https://auto.ru/trailer/used/sale/krone/cool_liner/16384118-d7de078c/;2003;498000;;Refrigerator;KRONE;;;Васильево
SN24;https://auto.ru/trailer/new/sale/kogel/sn24/15872751-be19c676/;2018;2710656;;Platform;KOGEL;ЮгТрейлер;;Краснодар
NS;https://auto.ru/trailer/used/sale/wielton/ns/16620996-19dc8811/;2011;1100000;400000;Curtainsider;WIELTON;;;Белгород
S01;https://auto.ru/trailer/used/sale/schmitz_cargobull/s01/15655718-670a91ca/;2016;2000000;223506;Curtainsider;SCHMITZ CARGOBULL;АГТ-Трейдинг;;Москва
SKO;https://auto.ru/trailer/used/sale/schmitz_cargobull/sko/16404112-1ce36608/;2018;4300000;200000;Refrigerator;SCHMITZ CARGOBULL;ЗилантМоторс;;Казань
SD;https://auto.ru/trailer/used/sale/krone/sd/16351530-a4367882/;2016;1950000;232838;Curtainsider;KRONE;Восток;;Санкт-Петербург
Profi Liner;https://auto.ru/trailer/used/sale/krone/profi_liner/16527224-d4da335f/;2012;1170000;200000;Platform;KRONE;M7 TRUCK Москва;;Чёрная Грязь
SDP 27;https://auto.ru/trailer/used/sale/krone/sdp_27/16482712-668f67a4/;2001;430000;;Platform;KRONE;;;Ковернино
SD;https://auto.ru/trailer/used/sale/krone/sd/16636338-f102992f/;2019;4760000;130000;Refrigerator;KRONE;Группа Милан;Цена с НДС;Санкт-Петербург
SKO;https://auto.ru/trailer/used/sale/schmitz_cargobull/sko/16615320-85a2ce06/;2015;3500000;500;Refrigerator;SCHMITZ CARGOBULL;;;Ачинск
SD;https://auto.ru/trailer/used/sale/krone/sd/16632908-66f518c9/;2011;1120000;;Curtainsider;KRONE;;;Санкт-Петербург
SKO;https://auto.ru/trailer/used/sale/schmitz_cargobull/sko/16456208-e7a2ef46/;2010;2300000;;Refrigerator;SCHMITZ CARGOBULL;Юнион КРОНЕ Кимовск;;Кимовск
9746;https://auto.ru/trailer/used/sale/tonar/9746/16371164-7061693f/;2008;750000;100000;Curtainsider;TONAR;;;Новосибирск
Cool Liner;https://auto.ru/trailer/used/sale/krone/cool_liner/16619534-4abb9ec0/;2011;2549000;200000;Refrigerator;KRONE;M7 TRUCK Москва Юг;;Москва
S24;https://auto.ru/trailer/used/sale/kogel/s24/16636900-33146c73/;2014;1460000;;Curtainsider;KOGEL;Global Truck Sales Екатеринбург;;Екатеринбург
SCB;https://auto.ru/trailer/used/sale/schmitz_cargobull/scb/16446858-f78f3804/;2019;2450000;20000;Curtainsider;SCHMITZ CARGOBULL;Вест Групп;;Красногорск
SD;https://auto.ru/trailer/used/sale/krone/sd/16625866-53f59370/;2018;4700000;147000;Refrigerator;KRONE;Группа Милан;Цена с НДС;Санкт-Петербург
SDR 27;https://auto.ru/trailer/used/sale/krone/sdr_27/16458264-84cde50b/;2003;1150000;;Refrigerator;KRONE;;;Нижний Новгород
S24;https://auto.ru/trailer/used/sale/kogel/s24/16642448-80111829/;2008;800000;300000;Curtainsider;KOGEL;;;Курск
SDP 27;https://auto.ru/trailer/used/sale/krone/sdp_27/16645392-584a92b8/;2004;470000;300000;Platform;KRONE;;;Великие Луки
SNC024;https://auto.ru/trailer/used/sale/kogel/snc024/16639598-f1f01c89/;2000;500000;400000;Curtainsider;KOGEL;;;Волгоград
Profi Liner;https://auto.ru/trailer/used/sale/krone/profi_liner/16576334-af155f87/;2012;1140000;300000;Platform;KRONE;M7 TRUCK Москва;;Чёрная Грязь
SD;https://auto.ru/trailer/used/sale/krone/sd/16569604-6aeccc50/;2017;1930000;160000;Curtainsider;KRONE;Триера Трак;Цена с НДС;Дубровки
9746;https://auto.ru/trailer/used/sale/tonar/9746/16210260-9e092aee/;2012;699000;;Curtainsider;TONAR;Трак-Сток;;Москва
SN24;https://auto.ru/trailer/used/sale/kogel/sn24/16487032-f3bc9614/;2007;660000;;Curtainsider;KOGEL;Global Truck Sales Москва Север;;Зеленоград
SKO;https://auto.ru/trailer/used/sale/schmitz_cargobull/sko/16612096-37c6bb4e/;2017;4310000;;Refrigerator;SCHMITZ CARGOBULL;ClassTrucks;;Москва
S24;https://auto.ru/trailer/used/sale/kogel/s24/16583184-2fd3742f/;2018;1950000;200000;Curtainsider;KOGEL;Альфа-Лизинг Россия;;Екатеринбург
S01;https://auto.ru/trailer/used/sale/schmitz_cargobull/s01/16639530-395ee5ee/;2005;700000;;Curtainsider;SCHMITZ CARGOBULL;;;Петрозаводск
SN24;https://auto.ru/trailer/used/sale/kogel/sn24/16413802-13b895d6/;2003;450000;;Curtainsider;KOGEL;;;Рязань
SD;https://auto.ru/trailer/used/sale/krone/sd/16618104-5701ebbe/;2011;870000;300000;Curtainsider;KRONE;;;Казань
S24;https://auto.ru/trailer/used/sale/kogel/s24/16586478-6e72316d/;2018;4200000;140000;Refrigerator;KOGEL;СТТ-АВТО;Цена с НДС;Домодедово
SN24;https://auto.ru/trailer/used/sale/kogel/sn24/16646092-346136e0/;2014;1570000;230000;Curtainsider;KOGEL;Транспортная компания РОЗ-ГРУЗ;Цена с НДС;Люберцы
SCS;https://auto.ru/trailer/used/sale/schmitz_cargobull/scs/16478046-37ca5b32/;2019;2801012;170000;Curtainsider;SCHMITZ CARGOBULL;ГРИН ЛАЙН;;Смоленск
SN24;https://auto.ru/trailer/used/sale/kogel/sn24/16543748-e0a35205/;2015;1700000;577000;Platform;KOGEL;ТРАНСАЛЬЯНС Москва;Цена с НДС;Солнечногорск
SKO;https://auto.ru/trailer/used/sale/schmitz_cargobull/sko/16639046-8aa15c6b/;2017;4310000;;Refrigerator;SCHMITZ CARGOBULL;ClassTrucks;;Екатеринбург
S01;https://auto.ru/trailer/used/sale/schmitz_cargobull/s01/16607398-9da2d2f9/;2016;2050000;475000;Curtainsider;SCHMITZ CARGOBULL;ТРАНСАЛЬЯНС Москва;Цена с НДС;Солнечногорск
SDP 27;https://auto.ru/trailer/used/sale/krone/sdp_27/16616604-b9bbe369/;2008;820000;450000;Curtainsider;KRONE;;;Москва
;https://auto.ru/trailer/used/sale/meusburger/tentovanniy_polupricep/16555320-d62377e0/;2015;1637000;200000;Curtainsider;MEUSBURGER;M7 TRUCK Москва;;Чёрная Грязь
SPR;https://auto.ru/trailer/used/sale/schmitz_cargobull/spr/16616640-2810b268/;2008;785000;555555;Curtainsider;SCHMITZ CARGOBULL;;;Санкт-Петербург
S01;https://auto.ru/trailer/used/sale/schmitz_cargobull/s01/16248256-8b88d618/;2008;800000;100;Curtainsider;SCHMITZ CARGOBULL;;;Ангарск
SCS Mega;https://auto.ru/trailer/used/sale/schmitz_cargobull/scs_mega/16617696-2f74cf40/;2015;1397777;600000;Curtainsider;SCHMITZ CARGOBULL;ТТ777;;Москва
SKO;https://auto.ru/trailer/used/sale/schmitz_cargobull/sko/16592248-6618440c/;2011;2990000;856775;Refrigerator;SCHMITZ CARGOBULL;АГТ-Трейдинг;;Москва
SDP 27;https://auto.ru/trailer/used/sale/krone/sdp_27/16589852-ab254cf0/;2000;550000;;Curtainsider;KRONE;;;Ставрополь
SDP 27;https://auto.ru/trailer/used/sale/krone/sdp_27/16542212-c51316b6/;2006;580000;;Curtainsider;KRONE;M7 TRUCK Набережные Челны;;Набережные Челны
SW24;https://auto.ru/trailer/used/sale/kogel/sw24/10060502-3a2b4507/;2011;310000;;Refrigerator;KOGEL;Трак-Сток;;Москва
SKO;https://auto.ru/trailer/used/sale/schmitz_cargobull/sko/16364168-0fe818ae/;2004;1150000;500000;Refrigerator;SCHMITZ CARGOBULL;;;Тульская область
SW 24;https://auto.ru/trailer/used/sale/schmitz_cargobull/sw_24/16397610-9361d079/;2013;1200000;500000;Platform;SCHMITZ CARGOBULL;;;Миасс
SD;https://auto.ru/trailer/used/sale/krone/sd/16584794-9680c663/;2008;570000;850000;Platform;KRONE;Форсаж;;Котельники
SKO;https://auto.ru/trailer/used/sale/schmitz_cargobull/sko/15991916-4125d209/;2011;3100000;;Refrigerator;SCHMITZ CARGOBULL;;;Челябинск
SKO;https://auto.ru/trailer/used/sale/schmitz_cargobull/sko/16612090-e192a50a/;2017;4320000;;Refrigerator;SCHMITZ CARGOBULL;ClassTrucks;;Тосно
SKO;https://auto.ru/trailer/used/sale/schmitz_cargobull/sko/16570604-4940f865/;2019;5421312;250000;Refrigerator;SCHMITZ CARGOBULL;ГРИН ЛАЙН;Цена с НДС;Смоленск
S24;https://auto.ru/trailer/used/sale/kogel/s24/16643778-1babfcc2/;2016;1750000;600000;Curtainsider;KOGEL;TELS Group;;Москва
SKO;https://auto.ru/trailer/used/sale/schmitz_cargobull/sko/16583296-bd81adad/;2015;3700000;420000;Refrigerator;SCHMITZ CARGOBULL;Транзит-Дон Москва;;Москва
SD;https://auto.ru/trailer/used/sale/krone/sd/16622350-7562909d/;2005;750000;870000;Curtainsider;KRONE;Триера Трак;;Дубровки
SKO;https://auto.ru/trailer/used/sale/schmitz_cargobull/sko/16637384-ff8d3c52/;2012;2900000;;Refrigerator;SCHMITZ CARGOBULL;;;Омск
SW 24;https://auto.ru/trailer/used/sale/schmitz_cargobull/sw_24/16626112-70c95b57/;2016;1900000;;Curtainsider;SCHMITZ CARGOBULL;;;Старая Станица
9746;https://auto.ru/trailer/used/sale/tonar/9746/16625742-99f20849/;2015;870000;99000;Curtainsider;TONAR;ТРАК ПЛАТФОРМА;;Люберцы
SN24;https://auto.ru/trailer/used/sale/kogel/sn24/16634764-d2e3b301/;2011;800000;98000;Curtainsider;KOGEL;Транспортная компания РОЗ-ГРУЗ;;Люберцы
Kassbohrer;https://auto.ru/trailer/used/sale/kaessbohrer/kaessbohrer/16609467-26652462/;2012;1190000;300000;Curtainsider;KAESSBOHRER;EL TRUCKS;;Москва
SD;https://auto.ru/trailer/used/sale/krone/sd/16297152-bda8dc7d/;2013;1150000;840000;Platform;KRONE;;;Брянск
SKO;https://auto.ru/trailer/used/sale/schmitz_cargobull/sko/16441622-44028747/;2018;4500000;400000;Refrigerator;SCHMITZ CARGOBULL;"ООО ""РЕД СТАР"" МАЗ Смоленск";;Смоленск
SDR 27;https://auto.ru/trailer/used/sale/krone/sdr_27/16434370-843d8073/;2005;1550000;800000;Refrigerator;KRONE;;;Кострома
SKO;https://auto.ru/trailer/used/sale/schmitz_cargobull/sko/16404736-91339da7/;2015;3190000;600000;Refrigerator;SCHMITZ CARGOBULL;;;Москва
S24;https://auto.ru/trailer/used/sale/kogel/s24/16344520-11a1d056/;2007;850000;650264;Platform;KOGEL;АГТ-Трейдинг;;Москва
S01;https://auto.ru/trailer/used/sale/schmitz_cargobull/s01/16626676-e781c3c7/;2007;785000;200000;Platform;SCHMITZ CARGOBULL;M7 TRUCK Москва;;Чёрная Грязь
SKO;https://auto.ru/trailer/used/sale/schmitz_cargobull/sko/16523668-2a9d790b/;2007;1990000;;Refrigerator;SCHMITZ CARGOBULL;;;Сочи
9746;https://auto.ru/trailer/used/sale/tonar/9746/16546344-bca7c1d4/;2012;600000;300000;Platform;TONAR;;;Москва
SW 24;https://auto.ru/trailer/used/sale/schmitz_cargobull/sw_24/15646832-111596df/;2000;850000;;Refrigerator;SCHMITZ CARGOBULL;;;Екатеринбург
Cool Liner;https://auto.ru/trailer/used/sale/krone/cool_liner/15630656-dc79afff/;2017;4500000;;Refrigerator;KRONE;;Цена с НДС;Томск
SCB;https://auto.ru/trailer/used/sale/schmitz_cargobull/scb/16628758-1f384756/;2018;2300000;130000;Curtainsider;SCHMITZ CARGOBULL;АГТ-Трейдинг;;Москва
SN24;https://auto.ru/trailer/used/sale/kogel/sn24/16600950-0aeecf59/;2008;1505000;;Refrigerator;KOGEL;ГРУЗ СОЮЗ;Цена с НДС;Москва
SD;https://auto.ru/trailer/used/sale/krone/sd/16513456-d38b2c1e/;2009;900000;;Curtainsider;KRONE;;;Красноярск
SKO;https://auto.ru/trailer/used/sale/schmitz_cargobull/sko/16442020-e732b079/;2012;2599000;500000;Refrigerator;SCHMITZ CARGOBULL;;;Химки
SKO;https://auto.ru/trailer/used/sale/schmitz_cargobull/sko/16601942-3caec3ca/;2015;3399999;500000;Refrigerator;SCHMITZ CARGOBULL;;;Казань
S24;https://auto.ru/trailer/used/sale/kogel/s24/16592106-ef72bf6d/;2018;4150000;;Refrigerator;KOGEL;Global Truck Sales Санкт-Петербург;Цена с НДС;Санкт-Петербург
SD;https://auto.ru/trailer/used/sale/krone/sd/16271388-e3cb2db1/;2011;1350000;779784;Curtainsider;KRONE;;;Екатеринбург
SKO;https://auto.ru/trailer/used/sale/schmitz_cargobull/sko/16504542-31388a12/;2018;4300000;300000;Refrigerator;SCHMITZ CARGOBULL;ЗилантМоторс;Цена с НДС;Казань
SCS;https://auto.ru/trailer/used/sale/schmitz_cargobull/scs/16611252-ce53d17b/;2008;1100000;;Curtainsider;SCHMITZ CARGOBULL;;;Белгород
SCB;https://auto.ru/trailer/used/sale/schmitz_cargobull/scb/16634864-8d0d7de7/;2017;2200000;180000;Curtainsider;SCHMITZ CARGOBULL;Триера Трак;Цена с НДС;Дубровки
SKO;https://auto.ru/trailer/used/sale/schmitz_cargobull/sko/16560162-59f8af4e/;2017;4650000;170000;Refrigerator;SCHMITZ CARGOBULL;СТТ-АВТО;Цена с НДС;Домодедово
SV24;https://auto.ru/trailer/used/sale/kogel/sv24/16620380-5bdb8ec5/;2007;1399000;;Refrigerator;KOGEL;;;Москва
SD;https://auto.ru/trailer/used/sale/krone/sd/16614852-76107438/;2008;800000;500000;Curtainsider;KRONE;;;Казань
Profi Liner;https://auto.ru/trailer/used/sale/krone/profi_liner/16380852-754b3e8e/;2014;1700000;550000;Platform;KRONE;TELS Group;;Хоругвино
SKO;https://auto.ru/trailer/used/sale/schmitz_cargobull/sko/16634734-19951b48/;2018;5624612;230000;Refrigerator;SCHMITZ CARGOBULL;Шмитц Каргобулл Руссланд;Цена с НДС;Москва
SKO;https://auto.ru/trailer/used/sale/schmitz_cargobull/sko/16535510-a76ee8f7/;2003;1250000;550000;Refrigerator;SCHMITZ CARGOBULL;;;Москва
SD;https://auto.ru/trailer/used/sale/krone/sd/16178640-63510916/;2011;1100000;350000;Curtainsider;KRONE;;;Екатеринбург
SCB;https://auto.ru/trailer/used/sale/schmitz_cargobull/scb/16640534-a1e12afa/;2018;2349236;200000;Curtainsider;SCHMITZ CARGOBULL;;;Смоленск
9746;https://auto.ru/trailer/used/sale/tonar/9746/16553002-0d88d27d/;2006;450000;299000;Curtainsider;TONAR;ТРАК ПЛАТФОРМА;;Люберцы
S01;https://auto.ru/trailer/used/sale/schmitz_cargobull/s01/16640566-1c2aea11/;2010;1120000;;Platform;SCHMITZ CARGOBULL;Global Truck Sales Москва Север;;Москва
Maxima XS Domestic;https://auto.ru/trailer/used/sale/kaessbohrer/msxima_xs_domestic/16635394-caddba30/;2014;1300000;280000;Platform;KAESSBOHRER;;;Тула
SD;https://auto.ru/trailer/used/sale/krone/sd/16411346-a7e62d29/;2017;4450000;;Refrigerator;KRONE;Группа Милан;;Санкт-Петербург
S01;https://auto.ru/trailer/used/sale/schmitz_cargobull/s01/16562890-3f491047/;2006;620000;;Curtainsider;SCHMITZ CARGOBULL;;;Первомайский
Profi Liner;https://auto.ru/trailer/used/sale/krone/profi_liner/16380806-16c1db82/;2017;2300000;550000;Platform;KRONE;TELS Group;;Хоругвино
SD;https://auto.ru/trailer/used/sale/krone/sd/16321786-0237fd0d/;2013;1300000;;Curtainsider;KRONE;;;Тольятти
SD;https://auto.ru/trailer/used/sale/krone/sd/16622498-063987a2/;2007;850000;780000;Curtainsider;KRONE;Триера Трак;Цена с НДС;Дубровки
SKO;https://auto.ru/trailer/used/sale/schmitz_cargobull/sko/16514058-e5054791/;2008;2700000;520000;Refrigerator;SCHMITZ CARGOBULL;АГТ-Трейдинг;;Москва
SD;https://auto.ru/trailer/used/sale/krone/sd/16590394-ccb4ed58/;2018;3990000;;Refrigerator;KRONE;Global Truck Sales Москва Север;;Москва
Krone;https://auto.ru/trailer/used/sale/krone/krone/16645572-df8362ea/;2006;580000;350000;Curtainsider;KRONE;;;Екатеринбург
;https://auto.ru/trailer/used/sale/meusburger/tentovanniy_polupricep/16528560-b44df8cc/;2015;1650000;;Curtainsider;MEUSBURGER;Global Truck Sales Москва Север;Цена с НДС;Зеленоград
S24;https://auto.ru/trailer/used/sale/kogel/s24/16463836-c7924692/;2018;4060000;90000;Refrigerator;KOGEL;КомТоргТранс;;Подольск
SCS;https://auto.ru/trailer/used/sale/schmitz_cargobull/scs/16579266-4936aef9/;2019;2700000;120000;Curtainsider;SCHMITZ CARGOBULL;;;Брянск
S01;https://auto.ru/trailer/used/sale/schmitz_cargobull/s01/16509394-16f3ef59/;2006;650000;;Curtainsider;SCHMITZ CARGOBULL;Трак-Сток;;Москва
SKO;https://auto.ru/trailer/used/sale/schmitz_cargobull/sko/16628376-c7c6f132/;2017;3800000;280000;Refrigerator;SCHMITZ CARGOBULL;АТРАКС;Цена с НДС;Набережные Челны
SD;https://auto.ru/trailer/used/sale/krone/sd/16570420-0414f2f8/;2011;1330000;450000;Curtainsider;KRONE;Триера Трак;Цена с НДС;Дубровки
SKO;https://auto.ru/trailer/used/sale/schmitz_cargobull/sko/16226288-65d51679/;2015;3500000;;Refrigerator;SCHMITZ CARGOBULL;Шмитц Каргобулл Руссланд;;Москва
SDP 27;https://auto.ru/trailer/used/sale/krone/sdp_27/16557712-e7b7c7bd/;2008;770000;299000;Curtainsider;KRONE;ТРАК ПЛАТФОРМА;;Люберцы
SCS Mega;https://auto.ru/trailer/used/sale/schmitz_cargobull/scs_mega/16553162-da914b14/;2015;1350000;700000;Curtainsider;SCHMITZ CARGOBULL;VEGA;Цена с НДС;Дурыкино
Profi Liner;https://auto.ru/trailer/used/sale/krone/profi_liner/16639270-d902c621/;2008;940000;;Curtainsider;KRONE;Транзит-Дон Москва;Цена с НДС;Москва
SD;https://auto.ru/trailer/used/sale/krone/sd/16539828-4b8662dd/;2011;990000;;Curtainsider;KRONE;ГРУЗ СОЮЗ;;Москва
SCS;https://auto.ru/trailer/used/sale/schmitz_cargobull/scs/16005796-3667d5f5/;2015;1450000;600000;Curtainsider;SCHMITZ CARGOBULL;;;Москва
Mega Liner;https://auto.ru/trailer/used/sale/krone/mega_liner/16607376-4949cfdb/;2017;1800000;333000;Platform;KRONE;ТРАНСАЛЬЯНС Москва;Цена с НДС;Солнечногорск
SDP 27;https://auto.ru/trailer/used/sale/krone/sdp_27/16622558-323effcb/;2007;700000;;Curtainsider;KRONE;Global Truck Sales Екатеринбург;;Екатеринбург
S24;https://auto.ru/trailer/used/sale/kogel/s24/16625472-9d17b57f/;2018;4300000;130000;Refrigerator;KOGEL;СТТ-АВТО;Цена с НДС;Домодедово
SKO;https://auto.ru/trailer/used/sale/schmitz_cargobull/sko/16644434-82ccebb9/;2017;4340000;;Refrigerator;SCHMITZ CARGOBULL;ClassTrucks;;Екатеринбург
SD;https://auto.ru/trailer/used/sale/krone/sd/16617340-2f3d68eb/;2017;4450000;;Refrigerator;KRONE;"ООО ""Трак""";Цена с НДС;Екатеринбург
SCS;https://auto.ru/trailer/used/sale/schmitz_cargobull/scs/16629828-059d9ab7/;2012;1250000;;Curtainsider;SCHMITZ CARGOBULL;;;Санкт-Петербург
S01;https://auto.ru/trailer/used/sale/schmitz_cargobull/s01/16600246-2ba212e9/;2008;745000;;Curtainsider;SCHMITZ CARGOBULL;ГРУЗ СОЮЗ;;Москва
SKO;https://auto.ru/trailer/used/sale/schmitz_cargobull/sko/16406458-5cf4de89/;2017;4500000;300000;Refrigerator;SCHMITZ CARGOBULL;;;Тюмень
SPR;https://auto.ru/trailer/used/sale/schmitz_cargobull/spr/16629826-a6ae5a48/;2011;1290000;650000;Curtainsider;SCHMITZ CARGOBULL;Триера Трак;Цена с НДС;Дубровки
SD;https://auto.ru/trailer/used/sale/krone/sd/16563390-07b7af13/;2008;1650000;;Refrigerator;KRONE;GROSS AUTO;Цена с НДС;Москва
SKO;https://auto.ru/trailer/used/sale/schmitz_cargobull/sko/16612094-6d82947f/;2017;4310000;;Refrigerator;SCHMITZ CARGOBULL;ClassTrucks;;Москва
SD;https://auto.ru/trailer/used/sale/krone/sd/16591636-ced5b8e0/;2008;930000;600000;Curtainsider;KRONE;;;Саратов
SKO;https://auto.ru/trailer/used/sale/schmitz_cargobull/sko/16636334-19440f8b/;2003;1150000;500000;Refrigerator;SCHMITZ CARGOBULL;;;Брянск
SKO;https://auto.ru/trailer/used/sale/schmitz_cargobull/sko/16645536-65b357b7/;2016;4350000;230000;Refrigerator;SCHMITZ CARGOBULL;АГТ-Трейдинг;;Москва
Mega Liner;https://auto.ru/trailer/used/sale/krone/mega_liner/15498663-14f37bca/;2017;2100000;46000;Curtainsider;KRONE;Группа ГРАССМАНН и ЛОМТЕВ;Цена с НДС;Москва
Krone;https://auto.ru/trailer/used/sale/krone/krone/16303736-9365b598/;2014;3250000;500000;Refrigerator;KRONE;;;Чебоксары
SCS;https://auto.ru/trailer/used/sale/schmitz_cargobull/scs/16629530-38c25d73/;2015;1399777;600000;Curtainsider;SCHMITZ CARGOBULL;ТТ777;;Москва
S01;https://auto.ru/trailer/used/sale/schmitz_cargobull/s01/16644382-a36f009f/;2005;700000;928077;Curtainsider;SCHMITZ CARGOBULL;ООО ИТЕКО Россия;Цена с НДС;Нижний Новгород
SKO;https://auto.ru/trailer/used/sale/schmitz_cargobull/sko/16408762-91d0af15/;2015;3550000;300000;Refrigerator;SCHMITZ CARGOBULL;ООО Группа Авто;;Рязань
SKI;https://auto.ru/trailer/used/sale/schmitz_cargobull/ski/16521132-9128aa2c/;2011;820000;;Platform;SCHMITZ CARGOBULL;;;Домодедово
SKO;https://auto.ru/trailer/used/sale/schmitz_cargobull/sko/16576096-2de6a1ec/;2019;5782733;200000;Refrigerator;SCHMITZ CARGOBULL;"ООО ""РЕД СТАР"" МАЗ Смоленск";Цена с НДС;Смоленск
Mega Liner;https://auto.ru/trailer/used/sale/krone/mega_liner/16085300-0204f1c8/;2009;650000;500000;Curtainsider;KRONE;СГМ - ГРУПП;;Москва
SDP 27;https://auto.ru/trailer/used/sale/krone/sdp_27/16643064-5e6486ac/;2007;750000;600000;Curtainsider;KRONE;;;Воронеж
SD;https://auto.ru/trailer/used/sale/krone/sd/16503124-7ac05522/;2012;1190000;;Curtainsider;KRONE;Global Truck Sales Москва Север;;Зеленоград
;https://auto.ru/trailer/used/sale/meusburger/tentovanniy_polupricep/16626792-c3b6f901/;2015;1730000;200000;Curtainsider;MEUSBURGER;M7 TRUCK Санкт-Петербург;;Санкт-Петербург
SKO;https://auto.ru/trailer/used/sale/schmitz_cargobull/sko/16431050-21c2518d/;2017;4608116;;Refrigerator;SCHMITZ CARGOBULL;СГМ - ГРУПП;;Москва
SDP 27;https://auto.ru/trailer/used/sale/krone/sdp_27/16635754-2aa5e376/;2017;2230000;180000;Curtainsider;KRONE;Триера Трак;Цена с НДС;Дубровки
SCS;https://auto.ru/trailer/used/sale/schmitz_cargobull/scs/16416263-4215c819/;2019;2700000;100000;Curtainsider;SCHMITZ CARGOBULL;"ООО ""РЕД СТАР"" МАЗ Смоленск";Цена с НДС;Смоленск
SKO;https://auto.ru/trailer/used/sale/schmitz_cargobull/sko/16639994-dbe85166/;2017;4300000;;Refrigerator;SCHMITZ CARGOBULL;ClassTrucks;;Москва
SN24;https://auto.ru/trailer/used/sale/kogel/sn24/16585934-aed6f919/;2012;1250000;;Curtainsider;KOGEL;СибТракСкан;;Новосибирск
S24;https://auto.ru/trailer/used/sale/kogel/s24/16380816-a8bf5dc4/;2015;1700000;550000;Platform;KOGEL;TELS Group;;Хоругвино
SN24;https://auto.ru/trailer/used/sale/kogel/sn24/16552860-8e7a0753/;2008;630000;750000;Platform;KOGEL;;;Смоленск
SDP 27;https://auto.ru/trailer/used/sale/krone/sdp_27/16378232-c85db502/;2005;850000;700000;Curtainsider;KRONE;;;Краснодар
SPR;https://auto.ru/trailer/used/sale/schmitz_cargobull/spr/16621454-18684b88/;2008;599000;;Platform;SCHMITZ CARGOBULL;Форсаж;;Котельники
SN24;https://auto.ru/trailer/used/sale/kogel/sn24/16628338-8c9eaf7b/;2011;800000;900000;Platform;KOGEL;;;Брянск
SKO;https://auto.ru/trailer/used/sale/schmitz_cargobull/sko/10207332-7394c2cf/;2010;2125000;552179;Refrigerator;SCHMITZ CARGOBULL;РосТрансАвто Брянск;Цена с НДС;Брянск
;https://auto.ru/trailer/used/sale/meusburger/tentovanniy_polupricep/16611866-007282d7/;2018;2350000;;Curtainsider;MEUSBURGER;BS-Truck;Цена с НДС;Набережные Челны
S01;https://auto.ru/trailer/used/sale/schmitz_cargobull/s01/16562250-4f062318/;2016;1850000;;Curtainsider;SCHMITZ CARGOBULL;ГРУЗ СОЮЗ;;Москва
SCS;https://auto.ru/trailer/used/sale/schmitz_cargobull/scs/16646042-161a7e4a/;2016;1910000;;Curtainsider;SCHMITZ CARGOBULL;Global Truck Sales Екатеринбург;Цена с НДС;Екатеринбург
Cool Liner;https://auto.ru/trailer/used/sale/krone/cool_liner/16557838-f0db6150/;2013;2790000;160000;Refrigerator;KRONE;Триера Трак;Цена с НДС;Дубровки
S01;https://auto.ru/trailer/used/sale/schmitz_cargobull/s01/16628138-e3974b09/;2011;1100000;;Curtainsider;SCHMITZ CARGOBULL;;;Самара
SW 24;https://auto.ru/trailer/used/sale/schmitz_cargobull/sw_24/16620656-7db0e0ba/;2007;680000;100;Curtainsider;SCHMITZ CARGOBULL;;;Курск
S01;https://auto.ru/trailer/used/sale/schmitz_cargobull/s01/16640548-fbe45990/;2002;450000;;Curtainsider;SCHMITZ CARGOBULL;;;Рязань
SD;https://auto.ru/trailer/used/sale/krone/sd/16561426-26a20880/;2007;779000;;Curtainsider;KRONE;GROSS AUTO;Цена с НДС;Москва
;https://auto.ru/trailer/used/sale/meusburger/tentovanniy_polupricep/16560518-5e24c2da/;2015;1650000;200000;Curtainsider;MEUSBURGER;M7 TRUCK Москва;Цена с НДС;Чёрная Грязь
S01;https://auto.ru/trailer/used/sale/schmitz_cargobull/s01/15841946-243c4e6f/;2003;850000;650000;Curtainsider;SCHMITZ CARGOBULL;;;Тула
SKO;https://auto.ru/trailer/used/sale/schmitz_cargobull/sko/16570668-f5d37153/;2017;4580000;;Refrigerator;SCHMITZ CARGOBULL;ClassTrucks;;Москва
SKO;https://auto.ru/trailer/used/sale/schmitz_cargobull/sko/16634672-c9691f60/;2018;5222531;169100;Refrigerator;SCHMITZ CARGOBULL;Шмитц Каргобулл Руссланд;Цена с НДС;Москва
SD;https://auto.ru/trailer/used/sale/krone/sd/16183110-9aeabaa2/;2008;920000;;Platform;KRONE;Восток;;Санкт-Петербург
SKO;https://auto.ru/trailer/used/sale/schmitz_cargobull/sko/16636728-7d4c5a2b/;2006;2300000;560000;Refrigerator;SCHMITZ CARGOBULL;СТТ-АВТО;;Домодедово
SCS;https://auto.ru/trailer/used/sale/schmitz_cargobull/scs/16569886-5544a867/;2013;1330000;200000;Curtainsider;SCHMITZ CARGOBULL;M7 TRUCK Казань;Цена с НДС;Новониколаевский
SCS;https://auto.ru/trailer/used/sale/schmitz_cargobull/scs/16576060-0e7b7c36/;2017;2180000;;Curtainsider;SCHMITZ CARGOBULL;СГМ - ГРУПП;;Москва
SKO;https://auto.ru/trailer/used/sale/schmitz_cargobull/sko/16640100-4dfc0fba/;2017;4360000;;Refrigerator;SCHMITZ CARGOBULL;ClassTrucks;;Москва
Cool Liner;https://auto.ru/trailer/used/sale/krone/cool_liner/16611880-75e9ca13/;2017;4450000;200000;Refrigerator;KRONE;Группа Милан;;Санкт-Петербург
SCB24;https://auto.ru/trailer/used/sale/kogel/scb24/16586668-882179dd/;2008;1400000;26626;Refrigerator;KOGEL;PRO АВТО;;Люберцы
SN24;https://auto.ru/trailer/used/sale/kogel/sn24/16641094-035e74b1/;2014;1430000;;Curtainsider;KOGEL;;;Челябинск
SDP 27;https://auto.ru/trailer/used/sale/krone/sdp_27/16395352-b07fd93c/;2006;680000;399000;Curtainsider;KRONE;ТРАК ПЛАТФОРМА;;Люберцы
SD;https://auto.ru/trailer/used/sale/krone/sd/16478792-aa2a7ae0/;2005;750000;850000;Curtainsider;KRONE;Триера Трак;;Дубровки
SKO;https://auto.ru/trailer/used/sale/schmitz_cargobull/sko/16414804-0844934b/;2017;4150000;420000;Refrigerator;SCHMITZ CARGOBULL;ГРИН ЛАЙН;;Смоленск
SDP 27;https://auto.ru/trailer/used/sale/krone/sdp_27/16604086-be2b234e/;2003;850000;80000;Platform;KRONE;;;Ставропольский край
SKO;https://auto.ru/trailer/used/sale/schmitz_cargobull/sko/16594388-cabc480e/;2007;670000;500000;Curtainsider;SCHMITZ CARGOBULL;;;Орёл
SPR;https://auto.ru/trailer/used/sale/schmitz_cargobull/spr/16613970-d78d96d1/;2000;400000;;Platform;SCHMITZ CARGOBULL;;;Смоленск
SKO;https://auto.ru/trailer/used/sale/schmitz_cargobull/sko/16488954-acecefb4/;2010;2200000;;Refrigerator;SCHMITZ CARGOBULL;;;Брянск
Profi Liner;https://auto.ru/trailer/used/sale/krone/profi_liner/16619248-387b07ab/;2013;1350000;500;Platform;KRONE;;;Красноярск
SD;https://auto.ru/trailer/used/sale/krone/sd/16622500-ee369c89/;2012;1350000;;Curtainsider;KRONE;Global Truck Sales Москва Север;Цена с НДС;Москва
SD;https://auto.ru/trailer/used/sale/krone/sd/16639914-79b31710/;2011;2250000;;Refrigerator;KRONE;Global Truck Sales Москва Север;Цена с НДС;Москва
SPR;https://auto.ru/trailer/used/sale/schmitz_cargobull/spr/16640246-11f6c39b/;2014;850000;500000;Platform;SCHMITZ CARGOBULL;;;Москва
SD;https://auto.ru/trailer/used/sale/krone/sd/16525068-bda8a40d/;2011;2000000;800000;Refrigerator;KRONE;;;Сергиев Посад
SCS;https://auto.ru/trailer/used/sale/schmitz_cargobull/scs/16345158-115ad916/;2012;1200000;500000;Curtainsider;SCHMITZ CARGOBULL;Компания АВТОТРАК Москва;;Москва
SD;https://auto.ru/trailer/used/sale/krone/sd/16466492-6451103f/;2011;1250000;750000;Curtainsider;KRONE;Триера Трак;;Дубровки
S24;https://auto.ru/trailer/used/sale/kogel/s24/16645226-b8222f09/;2008;610000;100000;Curtainsider;KOGEL;Совкомбанк-Лизинг Москва;Цена с НДС;Барнаул
Cool Liner;https://auto.ru/trailer/used/sale/krone/cool_liner/15724557-4d0b4e9e/;2003;1195000;;Refrigerator;KRONE;;;Санкт-Петербург
S01;https://auto.ru/trailer/used/sale/schmitz_cargobull/s01/16608998-47a97cfb/;2007;620000;;Curtainsider;SCHMITZ CARGOBULL;;;Нижний Новгород
SKO;https://auto.ru/trailer/used/sale/schmitz_cargobull/sko/16071044-beed4361/;2015;3290000;600000;Refrigerator;SCHMITZ CARGOBULL;;;Москва
Krone;https://auto.ru/trailer/used/sale/krone/krone/16469116-fa36c8cd/;2004;1350000;;Refrigerator;KRONE;;;Оренбург
SN24;https://auto.ru/trailer/used/sale/kogel/sn24/16317096-1988ab36/;2012;999000;;Curtainsider;KOGEL;GROSS AUTO;;Москва
SD;https://auto.ru/trailer/used/sale/krone/sd/16643692-eda280d3/;2010;1950000;;Refrigerator;KRONE;;;Вологда
SKO;https://auto.ru/trailer/used/sale/schmitz_cargobull/sko/16635622-f0672443/;2014;3950000;215000;Refrigerator;SCHMITZ CARGOBULL;;;Псков
SKO;https://auto.ru/trailer/used/sale/schmitz_cargobull/sko/16581364-4742936a/;2011;2500000;500000;Refrigerator;SCHMITZ CARGOBULL;;;Киров
SKO;https://auto.ru/trailer/used/sale/schmitz_cargobull/sko/16305118-17ddee6b/;2007;1730000;10000;Refrigerator;SCHMITZ CARGOBULL;Global Truck Sales Санкт-Петербург;;Санкт-Петербург
SN24;https://auto.ru/trailer/used/sale/kogel/sn24/16605127-c7f64506/;2012;1010000;;Curtainsider;KOGEL;ГРУЗ СОЮЗ;Цена с НДС;Москва
SD;https://auto.ru/trailer/used/sale/krone/sd/16636326-bdb06c24/;2019;4760000;140000;Refrigerator;KRONE;Группа Милан;Цена с НДС;Санкт-Петербург
Cool Liner;https://auto.ru/trailer/used/sale/krone/cool_liner/16630334-67817cdd/;2010;2300000;;Refrigerator;KRONE;АЙС КУБ;;Солнечногорск
SPR;https://auto.ru/trailer/used/sale/schmitz_cargobull/spr/16540390-9f67a8f2/;2002;600000;;Platform;SCHMITZ CARGOBULL;;;Самара
SDP 27;https://auto.ru/trailer/used/sale/krone/sdp_27/16569552-afe862b1/;2006;780000;;Platform;KRONE;;;Екатеринбург
SKO;https://auto.ru/trailer/used/sale/schmitz_cargobull/sko/16587546-4ddcb636/;2008;1730000;1400000;Refrigerator;SCHMITZ CARGOBULL;;;Жуковский
SDR 27;https://auto.ru/trailer/used/sale/krone/sdr_27/16636082-282e7470/;2004;1500000;500000;Refrigerator;KRONE;;;Новосибирск
SKO;https://auto.ru/trailer/used/sale/schmitz_cargobull/sko/16644286-4780dfd9/;2006;1350000;;Refrigerator;SCHMITZ CARGOBULL;;;Чита
SCS;https://auto.ru/trailer/used/sale/schmitz_cargobull/scs/16620396-9a8cb832/;2012;1530000;;Platform;SCHMITZ CARGOBULL;;;Омск
SKO;https://auto.ru/trailer/used/sale/schmitz_cargobull/sko/16630688-7f6eb7a2/;2017;4580000;;Refrigerator;SCHMITZ CARGOBULL;ClassTrucks;;Москва
SCS;https://auto.ru/trailer/used/sale/schmitz_cargobull/scs/16369458-10ec8a78/;2012;1340000;;Curtainsider;SCHMITZ CARGOBULL;;;Пенза
SKO;https://auto.ru/trailer/used/sale/schmitz_cargobull/sko/16504532-43f00624/;2005;1100000;;Refrigerator;SCHMITZ CARGOBULL;"ООО ""Трак""";;Екатеринбург
SNC024;https://auto.ru/trailer/used/sale/kogel/snc024/16640320-2179978c/;2004;600000;1000000;Curtainsider;KOGEL;;;Екатеринбург
SW 24;https://auto.ru/trailer/used/sale/schmitz_cargobull/sw_24/16195556-e076cda0/;2001;1100000;;Refrigerator;SCHMITZ CARGOBULL;;;Улан-Удэ
SKO;https://auto.ru/trailer/used/sale/schmitz_cargobull/sko/16028928-449d62de/;2011;2350000;510000;Refrigerator;SCHMITZ CARGOBULL;Транзит-Дон Гипермаркет;;Ростов-на-Дону
SCB;https://auto.ru/trailer/used/sale/schmitz_cargobull/scb/16536874-d48afa94/;2011;1100000;300000;Curtainsider;SCHMITZ CARGOBULL;;;Махачкала
SD;https://auto.ru/trailer/used/sale/krone/sd/16622388-79d914ae/;2011;1250000;680000;Curtainsider;KRONE;Триера Трак;Цена с НДС;Дубровки
S01;https://auto.ru/trailer/used/sale/schmitz_cargobull/s01/16643794-42d370c6/;2017;1870000;;Curtainsider;SCHMITZ CARGOBULL;BS-Truck;Цена с НДС;Набережные Челны
SKO;https://auto.ru/trailer/used/sale/schmitz_cargobull/sko/16635866-a4c53034/;2011;2350000;650000;Refrigerator;SCHMITZ CARGOBULL;Транзит-Дон Гипермаркет;Цена с НДС;Ростов-на-Дону
Profi Liner;https://auto.ru/trailer/used/sale/krone/profi_liner/16607486-024555bd/;2017;1950000;30000;Curtainsider;KRONE;M7 TRUCK Москва Юг;Цена с НДС;Москва
SD;https://auto.ru/trailer/used/sale/krone/sd/16503118-c2f3d529/;2012;1190000;;Curtainsider;KRONE;Global Truck Sales Москва Север;;Зеленоград
SKO;https://auto.ru/trailer/used/sale/schmitz_cargobull/sko/16159418-a88ac15a/;2002;1250000;1000;Refrigerator;SCHMITZ CARGOBULL;;;Ачинск
SN24;https://auto.ru/trailer/used/sale/kogel/sn24/16600600-e578c757/;2011;930000;;Platform;KOGEL;PRO АВТО;Цена с НДС;Люберцы
SKO;https://auto.ru/trailer/used/sale/schmitz_cargobull/sko/16644432-3202022e/;2017;4340000;;Refrigerator;SCHMITZ CARGOBULL;ClassTrucks;;Екатеринбург
SCS;https://auto.ru/trailer/used/sale/schmitz_cargobull/scs/16380794-6e59af16/;2014;1700000;600000;Platform;SCHMITZ CARGOBULL;TELS Group;;Хоругвино
SN24;https://auto.ru/trailer/used/sale/kogel/sn24/16371080-12c32ecc/;2007;510000;100;Curtainsider;KOGEL;;;Тверь
Profi Liner;https://auto.ru/trailer/used/sale/krone/profi_liner/16432862-8c086b54/;2007;750000;;Curtainsider;KRONE;;;Магнитогорск
SKO;https://auto.ru/trailer/used/sale/schmitz_cargobull/sko/16635646-196074fd/;2017;4250000;235000;Refrigerator;SCHMITZ CARGOBULL;;;Псков
SDP 27;https://auto.ru/trailer/used/sale/krone/sdp_27/16060084-4c193020/;2005;599000;500000;Curtainsider;KRONE;РУСАВТО Iveco Рязань;;Рязань
SN24;https://auto.ru/trailer/used/sale/kogel/sn24/16485238-fb810866/;2015;1700000;140000;Curtainsider;KOGEL;ТРАНСАЛЬЯНС Москва;;Солнечногорск
SDP 27;https://auto.ru/trailer/used/sale/krone/sdp_27/16573394-403fad54/;2008;745000;860000;Curtainsider;KRONE;;;Коркино
S01;https://auto.ru/trailer/used/sale/schmitz_cargobull/s01/16128964-57d52bff/;2017;2200000;163000;Curtainsider;SCHMITZ CARGOBULL;Группа ГРАССМАНН и ЛОМТЕВ;;Москва
SCS;https://auto.ru/trailer/used/sale/schmitz_cargobull/scs/16625264-a5232451/;2011;1200000;400000;Curtainsider;SCHMITZ CARGOBULL;;;Нижний Новгород
SKO;https://auto.ru/trailer/used/sale/schmitz_cargobull/sko/16611064-103d22e3/;2008;1950000;50;Refrigerator;SCHMITZ CARGOBULL;Юнион КРОНЕ Кимовск;;Кимовск
SN24;https://auto.ru/trailer/used/sale/kogel/sn24/16612284-6ecca034/;2007;1000000;;Platform;KOGEL;;;Самара
SN24;https://auto.ru/trailer/used/sale/kogel/sn24/16495656-27bae3b6/;2007;800000;;Curtainsider;KOGEL;;;Липецк
SKO;https://auto.ru/trailer/used/sale/schmitz_cargobull/sko/16456144-ea095d52/;2010;2320000;;Refrigerator;SCHMITZ CARGOBULL;Юнион КРОНЕ Кимовск;;Кимовск
SKO;https://auto.ru/trailer/used/sale/schmitz_cargobull/sko/16579476-4176a102/;2010;2250000;;Refrigerator;SCHMITZ CARGOBULL;;;Орёл
SKO;https://auto.ru/trailer/used/sale/schmitz_cargobull/sko/16630690-0a43df92/;2017;4360000;;Refrigerator;SCHMITZ CARGOBULL;ClassTrucks;;Москва
SDP 27;https://auto.ru/trailer/used/sale/krone/sdp_27/16590902-86517f55/;2005;505000;500000;Platform;KRONE;;;Сухой Лог
SD;https://auto.ru/trailer/used/sale/krone/sd/16536284-05b5e426/;2008;680000;;Curtainsider;KRONE;ГРУЗ СОЮЗ;;Москва
SKO;https://auto.ru/trailer/used/sale/schmitz_cargobull/sko/16476374-62eb145a/;2011;2550000;800000;Refrigerator;SCHMITZ CARGOBULL;Монополия;;Санкт-Петербург
SKO;https://auto.ru/trailer/used/sale/schmitz_cargobull/sko/16456220-cb35a3b1/;2010;2140000;;Refrigerator;SCHMITZ CARGOBULL;Юнион КРОНЕ Кимовск;;Кимовск
SPR;https://auto.ru/trailer/used/sale/schmitz_cargobull/spr/16265426-a678f61e/;2001;450000;658415;Platform;SCHMITZ CARGOBULL;АГТ-Трейдинг;;Москва
SKO;https://auto.ru/trailer/used/sale/schmitz_cargobull/sko/16639062-7b041e65/;2017;4320000;;Refrigerator;SCHMITZ CARGOBULL;ClassTrucks;;Москва
NS;https://auto.ru/trailer/used/sale/wielton/ns/16625318-a6ffe596/;2008;690000;299000;Platform;WIELTON;ТРАК ПЛАТФОРМА;;Люберцы
SD;https://auto.ru/trailer/used/sale/krone/sd/16622478-ce951150/;2012;1350000;680000;Curtainsider;KRONE;Триера Трак;Цена с НДС;Дубровки
SNC024;https://auto.ru/trailer/used/sale/kogel/snc024/16621140-dccf9cfc/;2000;450000;;Curtainsider;KOGEL;;;Грязи
Krone;https://auto.ru/trailer/used/sale/krone/krone/16618874-f0f8a546/;2012;1220000;380;Curtainsider;KRONE;;;Владимир
SKO;https://auto.ru/trailer/used/sale/schmitz_cargobull/sko/16578694-ccd01c98/;2007;2000000;;Refrigerator;SCHMITZ CARGOBULL;СибТракСкан;;Новосибирск
SKO;https://auto.ru/trailer/used/sale/schmitz_cargobull/sko/16611158-1527e718/;2018;4490000;;Refrigerator;SCHMITZ CARGOBULL;Global Truck Sales Москва Север;Цена с НДС;Москва
SD;https://auto.ru/trailer/used/sale/krone/sd/16644310-4aa7c777/;2007;626000;600000;Curtainsider;KRONE;;;Ижевск
SD;https://auto.ru/trailer/used/sale/krone/sd/16640250-167603ae/;2006;850000;;Curtainsider;KRONE;Global Truck Sales Москва Север;Цена с НДС;Москва
SN24;https://auto.ru/trailer/used/sale/kogel/sn24/16632396-fccef6ba/;2007;645000;450000;Curtainsider;KOGEL;;;Липецк
S01;https://auto.ru/trailer/used/sale/schmitz_cargobull/s01/16558136-4b57ff13/;2008;1330000;760000;Platform;SCHMITZ CARGOBULL;;;Воронеж
SDC 27;https://auto.ru/trailer/used/sale/krone/sdc_27/16628542-cdcb4a94/;2003;250000;;Platform;KRONE;;;Екатеринбург
S01;https://auto.ru/trailer/used/sale/schmitz_cargobull/s01/16554342-f2b7483d/;2008;820000;875000;Curtainsider;SCHMITZ CARGOBULL;;;Вязьма
S01;https://auto.ru/trailer/used/sale/schmitz_cargobull/s01/16591740-01c89546/;2016;1750000;260000;Curtainsider;SCHMITZ CARGOBULL;Триера Трак;Цена с НДС;Дубровки
S01;https://auto.ru/trailer/used/sale/schmitz_cargobull/s01/16617774-0797e3fb/;2005;750000;1000000;Platform;SCHMITZ CARGOBULL;;;Омск
SKO;https://auto.ru/trailer/used/sale/schmitz_cargobull/sko/16640086-981f8e15/;2017;4310000;;Refrigerator;SCHMITZ CARGOBULL;ClassTrucks;;Екатеринбург
SKO;https://auto.ru/trailer/used/sale/schmitz_cargobull/sko/16631494-148e3166/;2010;1990000;;Refrigerator;SCHMITZ CARGOBULL;Global Truck Sales Москва Север;Цена с НДС;Москва
SD;https://auto.ru/trailer/used/sale/krone/sd/16476342-24f7dfcb/;2011;2250000;800000;Refrigerator;KRONE;Монополия;;Санкт-Петербург
SD;https://auto.ru/trailer/used/sale/krone/sd/16620392-8a31cc3e/;2007;850000;;Curtainsider;KRONE;;;Монино
SN24;https://auto.ru/trailer/used/sale/kogel/sn24/16409772-17952b31/;2014;749000;500;Platform;KOGEL;;;Москва
S01;https://auto.ru/trailer/used/sale/schmitz_cargobull/s01/16627578-02c8684d/;2014;920000;600;Platform;SCHMITZ CARGOBULL;;;Красноярск
;https://auto.ru/trailer/used/sale/meusburger/tentovanniy_polupricep/16583792-557e3c57/;2015;1650000;;Curtainsider;MEUSBURGER;СТТ-АВТО;Цена с НДС;Домодедово
SKO;https://auto.ru/trailer/used/sale/schmitz_cargobull/sko/16431412-09783996/;2015;3450000;490000;Refrigerator;SCHMITZ CARGOBULL;M7 TRUCK Казань;;Новониколаевский
SDP 27;https://auto.ru/trailer/used/sale/krone/sdp_27/16602038-0c061c73/;2004;600000;700000;Curtainsider;KRONE;;;Боровичи
SD;https://auto.ru/trailer/used/sale/krone/sd/16639840-303ca1c4/;2008;770000;111111;Curtainsider;KRONE;;;Нижний Новгород
S01;https://auto.ru/trailer/used/sale/schmitz_cargobull/s01/16518034-fe4f6ed2/;2008;750000;;Curtainsider;SCHMITZ CARGOBULL;PRO АВТО;;Люберцы
SDP 27;https://auto.ru/trailer/used/sale/krone/sdp_27/16323380-8485dbb5/;2004;600000;500000;Curtainsider;KRONE;;;Великий Новгород
S01;https://auto.ru/trailer/used/sale/schmitz_cargobull/s01/16630906-1da25cb0/;2005;700000;635223;Curtainsider;SCHMITZ CARGOBULL;ООО ИТЕКО Россия;Цена с НДС;Нижний Новгород
SD;https://auto.ru/trailer/used/sale/krone/sd/16474594-7e1431e4/;2007;630000;500000;Curtainsider;KRONE;;;Смоленск
SKO;https://auto.ru/trailer/used/sale/schmitz_cargobull/sko/16456246-dc42b1c3/;2010;2140000;;Refrigerator;SCHMITZ CARGOBULL;Юнион КРОНЕ Кимовск;;Кимовск
SV24;https://auto.ru/trailer/used/sale/kogel/sv24/16585448-6c2f9658/;2008;1350000;250000;Refrigerator;KOGEL;Лаки Логистик;;Москва
SD;https://auto.ru/trailer/used/sale/krone/sd/16644198-a668802e/;2007;690000;;Curtainsider;KRONE;;;Казань
SKO;https://auto.ru/trailer/used/sale/schmitz_cargobull/sko/16362064-7c44b256/;2017;4540000;;Refrigerator;SCHMITZ CARGOBULL;ClassTrucks;;Тосно
SDR 27;https://auto.ru/trailer/used/sale/krone/sdr_27/16245188-3429e737/;2004;1100000;10000;Refrigerator;KRONE;Global Truck Sales Москва Север;;Зеленоград
SD;https://auto.ru/trailer/used/sale/krone/sd/16629996-3930f699/;2008;780000;700000;Curtainsider;KRONE;;;Екатеринбург
SKO;https://auto.ru/trailer/used/sale/schmitz_cargobull/sko/16478080-17ffa5d9/;2017;4150000;460000;Refrigerator;SCHMITZ CARGOBULL;ГРИН ЛАЙН;;Смоленск
SKO;https://auto.ru/trailer/used/sale/schmitz_cargobull/sko/16642916-b04ec9e9/;2008;1650000;100000;Refrigerator;SCHMITZ CARGOBULL;;;Воронеж
Krone;https://auto.ru/trailer/used/sale/krone/krone/16616142-e3be3890/;2004;620000;500000;Curtainsider;KRONE;;;Москва
SKO;https://auto.ru/trailer/used/sale/schmitz_cargobull/sko/16569572-bb198fe0/;2007;2150000;;Refrigerator;SCHMITZ CARGOBULL;Global Truck Sales Москва Север;;Москва
SDP 27;https://auto.ru/trailer/used/sale/krone/sdp_27/16555106-1949eaff/;2006;550000;850000;Curtainsider;KRONE;РУСАВТО Iveco Рязань;;Рязань
9746;https://auto.ru/trailer/used/sale/tonar/9746/16590642-e4a5ab27/;2018;1900000;60000;Curtainsider;TONAR;;;Санкт-Петербург и Ленинградская область
SV24;https://auto.ru/trailer/used/sale/kogel/sv24/16477474-d56c6fa2/;2012;1950000;375000;Refrigerator;KOGEL;;;Москва
SDP 27;https://auto.ru/trailer/used/sale/krone/sdp_27/16346756-dc8226ab/;2003;750000;300;Curtainsider;KRONE;;;Дивное
SD;https://auto.ru/trailer/used/sale/krone/sd/16627392-8be64e66/;2017;2050000;145000;Curtainsider;KRONE;Группа Милан;Цена с НДС;Санкт-Петербург
;https://auto.ru/trailer/used/sale/koluman/polupricep_shtorniy/16527122-7e7f2d33/;2018;699000;;Curtainsider;KOLUMAN;;;Нижний Новгород
SCS;https://auto.ru/trailer/used/sale/schmitz_cargobull/scs/16639842-ba4c352e/;2015;1390000;600000;Curtainsider;SCHMITZ CARGOBULL;;;Серебряные Пруды
SN24;https://auto.ru/trailer/used/sale/kogel/sn24/16575144-38422d5b/;2008;780000;;Platform;KOGEL;GROSS AUTO;Цена с НДС;Москва
SDR 27;https://auto.ru/trailer/used/sale/krone/sdr_27/16273164-cd6c7fb7/;2003;1370000;500000;Refrigerator;KRONE;;;Ставрополь
S01;https://auto.ru/trailer/used/sale/schmitz_cargobull/s01/16629520-a403829e/;2012;1290000;10;Curtainsider;SCHMITZ CARGOBULL;700 МАШИН;;Елино
S01;https://auto.ru/trailer/used/sale/schmitz_cargobull/s01/16553972-9b4dc319/;2008;955000;;Curtainsider;SCHMITZ CARGOBULL;GROSS AUTO;;Москва
NS;https://auto.ru/trailer/used/sale/wielton/ns/16545940-388dc9e3/;2012;950000;500000;Platform;WIELTON;;;Санкт-Петербург
SKO;https://auto.ru/trailer/used/sale/schmitz_cargobull/sko/16614996-021afa25/;2014;3300000;100000;Refrigerator;SCHMITZ CARGOBULL;;;Москва
SDP 27;https://auto.ru/trailer/used/sale/krone/sdp_27/16633612-e272f9cc/;2006;790000;700000;Curtainsider;KRONE;;;Рязань
SKO;https://auto.ru/trailer/used/sale/schmitz_cargobull/sko/16569782-7256a787/;2018;4690000;;Refrigerator;SCHMITZ CARGOBULL;ClassTrucks;;Москва
SN24;https://auto.ru/trailer/used/sale/kogel/sn24/16574228-06ea9553/;2011;980000;200000;Curtainsider;KOGEL;ТРАК ПЛАТФОРМА;;Люберцы
S24;https://auto.ru/trailer/used/sale/kogel/s24/16604810-200fa7c8/;2018;4200000;176000;Refrigerator;KOGEL;СТТ-АВТО;Цена с НДС;Домодедово
SKO;https://auto.ru/trailer/used/sale/schmitz_cargobull/sko/16633546-56ce5974/;2010;2400000;650;Refrigerator;SCHMITZ CARGOBULL;;;Пенза
SKO;https://auto.ru/trailer/used/sale/schmitz_cargobull/sko/16519150-60db95e3/;2010;1790000;;Refrigerator;SCHMITZ CARGOBULL;Global Truck Sales Москва Север;;Зеленоград
;https://auto.ru/trailer/used/sale/meusburger/tentovanniy_polupricep/16637390-7f897995/;2015;1600000;360000;Curtainsider;MEUSBURGER;Триера Трак;;Дубровки
SKO;https://auto.ru/trailer/used/sale/schmitz_cargobull/sko/16364802-c2bb32a1/;2006;1700000;520;Refrigerator;SCHMITZ CARGOBULL;;;Донецк
SN24;https://auto.ru/trailer/used/sale/kogel/sn24/16611750-c42d517b/;2008;749000;500000;Curtainsider;KOGEL;;;Набережные Челны
SKO;https://auto.ru/trailer/used/sale/schmitz_cargobull/sko/16639968-e999d09d/;2004;1200000;;Refrigerator;SCHMITZ CARGOBULL;КОМПАНИЯ АВТОМОБИЛИЯ;;Ярославль
S01;https://auto.ru/trailer/used/sale/schmitz_cargobull/s01/16562000-9781df76/;2016;2030000;170000;Curtainsider;SCHMITZ CARGOBULL;;;Липецкая область
SKO;https://auto.ru/trailer/used/sale/schmitz_cargobull/sko/16612580-f0cc6871/;2000;1150000;;Refrigerator;SCHMITZ CARGOBULL;;;Тверь
SKO;https://auto.ru/trailer/used/sale/schmitz_cargobull/sko/16639060-cf688625/;2018;4690000;;Refrigerator;SCHMITZ CARGOBULL;ClassTrucks;;Москва
9746;https://auto.ru/trailer/used/sale/tonar/9746/16327520-3e3a89f4/;2017;2500000;;Refrigerator;TONAR;;;Бугульма
S01;https://auto.ru/trailer/used/sale/schmitz_cargobull/s01/16598622-8a55c833/;2006;790000;600000;Platform;SCHMITZ CARGOBULL;;;Александров
SDP 27;https://auto.ru/trailer/used/sale/krone/sdp_27/16054624-758fe679/;2007;690000;485000;Platform;KRONE;Транзит-Дон Гипермаркет;;Ростов-на-Дону
SKO;https://auto.ru/trailer/used/sale/schmitz_cargobull/sko/16609026-d43b1230/;2018;4490000;;Refrigerator;SCHMITZ CARGOBULL;Global Truck Sales Москва Север;;Москва
SKO;https://auto.ru/trailer/used/sale/schmitz_cargobull/sko/16636890-66584e02/;2014;3690000;;Refrigerator;SCHMITZ CARGOBULL;ГРУЗ СОЮЗ;;Москва
Kassbohrer;https://auto.ru/trailer/used/sale/kaessbohrer/kaessbohrer/16587768-3d5dcb86/;2012;990000;150000;Curtainsider;KAESSBOHRER;;;Боровск
SD;https://auto.ru/trailer/used/sale/krone/sd/16415429-e0136799/;2008;669000;;Curtainsider;KRONE;PRO АВТО;;Люберцы
S01;https://auto.ru/trailer/used/sale/schmitz_cargobull/s01/16635844-80e6eaee/;2007;785000;200000;Platform;SCHMITZ CARGOBULL;M7 TRUCK Москва;;Чёрная Грязь
S01;https://auto.ru/trailer/used/sale/schmitz_cargobull/s01/16388128-a6c68583/;2011;1650000;;Curtainsider;SCHMITZ CARGOBULL;;;Ульяновск
Profi Liner;https://auto.ru/trailer/used/sale/krone/profi_liner/16353024-4cbb030f/;2017;2100000;90000;Curtainsider;KRONE;ООО Группа Авто;Цена с НДС;Рязань
SKO;https://auto.ru/trailer/used/sale/schmitz_cargobull/sko/16578934-d6bf57a6/;2015;3695000;450000;Refrigerator;SCHMITZ CARGOBULL;Транзит-Дон Гипермаркет;;Ростов-на-Дону
SKO;https://auto.ru/trailer/used/sale/schmitz_cargobull/sko/16520094-f00e109e/;2006;1650000;;Refrigerator;SCHMITZ CARGOBULL;;;Омск
SN24;https://auto.ru/trailer/used/sale/kogel/sn24/16635076-252c0d40/;2010;1120000;500000;Curtainsider;KOGEL;Вест Групп;;Красногорск
SPR;https://auto.ru/trailer/used/sale/schmitz_cargobull/spr/16616696-6633b4df/;2005;800000;;Curtainsider;SCHMITZ CARGOBULL;;;Санкт-Петербург
SDP 27;https://auto.ru/trailer/used/sale/krone/sdp_27/16410776-f4f5c60c/;2005;580000;222333;Curtainsider;KRONE;;;Краснодар
SCB;https://auto.ru/trailer/used/sale/schmitz_cargobull/scb/16552416-2997ee4a/;2017;2190000;135000;Curtainsider;SCHMITZ CARGOBULL;Триера Трак;;Дубровки
SCS;https://auto.ru/trailer/used/sale/schmitz_cargobull/scs/16634810-59b0aa64/;2014;1290000;;Curtainsider;SCHMITZ CARGOBULL;BS-Truck;;Набережные Челны
SKO;https://auto.ru/trailer/used/sale/schmitz_cargobull/sko/16630068-a0d3a725/;2019;5250000;180000;Refrigerator;SCHMITZ CARGOBULL;;;Ижевск
SKO;https://auto.ru/trailer/used/sale/schmitz_cargobull/sko/16630678-f5fed700/;2017;4370000;;Refrigerator;SCHMITZ CARGOBULL;ClassTrucks;;Тосно
SKO;https://auto.ru/trailer/used/sale/schmitz_cargobull/sko/16622494-66f179aa/;2018;5700000;25000;Refrigerator;SCHMITZ CARGOBULL;Вест Групп;Цена с НДС;Красногорск
S01;https://auto.ru/trailer/used/sale/schmitz_cargobull/s01/16615300-c3bc65f5/;2008;900000;800000;Curtainsider;SCHMITZ CARGOBULL;;;Ачинск
SDP 27;https://auto.ru/trailer/used/sale/krone/sdp_27/16343884-9d05560a/;2006;700000;600000;Platform;KRONE;;;Смоленск
SCS;https://auto.ru/trailer/used/sale/schmitz_cargobull/scs/16632104-cc4bb22c/;2012;1350000;;Curtainsider;SCHMITZ CARGOBULL;;;Ачинск
Cool Liner;https://auto.ru/trailer/used/sale/krone/cool_liner/16609611-ad60ec64/;2019;4760000;160000;Refrigerator;KRONE;Группа Милан;Цена с НДС;Санкт-Петербург
NS;https://auto.ru/trailer/used/sale/wielton/ns/16299278-11fb6862/;2011;1180000;777;Curtainsider;WIELTON;ООО Кубань-Скан;Цена с НДС;Краснодар
SN24;https://auto.ru/trailer/used/sale/kogel/sn24/16191902-0ff36494/;2011;899000;;Platform;KOGEL;GROSS AUTO;;Москва
S01;https://auto.ru/trailer/used/sale/schmitz_cargobull/s01/16645648-07759135/;2018;2220000;;Curtainsider;SCHMITZ CARGOBULL;;;Воронеж
SD;https://auto.ru/trailer/used/sale/krone/sd/16608484-0a9f50ca/;2008;920000;600000;Curtainsider;KRONE;;;Михайловка
SKO;https://auto.ru/trailer/used/sale/schmitz_cargobull/sko/16456210-d451dcb5/;2010;2140000;;Refrigerator;SCHMITZ CARGOBULL;Юнион КРОНЕ Кимовск;;Кимовск
SKO;https://auto.ru/trailer/used/sale/schmitz_cargobull/sko/16302278-d50a21e3/;2005;650000;;Platform;SCHMITZ CARGOBULL;;;Калининград
Cool Liner;https://auto.ru/trailer/used/sale/krone/cool_liner/16611194-0382328d/;2017;3900000;;Refrigerator;KRONE;;;Сокол
SD;https://auto.ru/trailer/used/sale/krone/sd/16631284-c4a55117/;2011;1100000;;Curtainsider;KRONE;BS-Truck;Цена с НДС;
Profi Liner;https://auto.ru/trailer/used/sale/krone/profi_liner/16639272-a9cb5b05/;2008;940000;;Curtainsider;KRONE;Транзит-Дон Москва;Цена с НДС;Москва
SDR 27;https://auto.ru/trailer/used/sale/krone/sdr_27/16318248-fd8c8245/;2005;890000;;Refrigerator;KRONE;;;Владивосток
SDP 27;https://auto.ru/trailer/used/sale/krone/sdp_27/16604824-a61517f7/;2005;500000;;Curtainsider;KRONE;Трак-Сток;Цена с НДС;Москва
SN24;https://auto.ru/trailer/used/sale/kogel/sn24/16593592-f5a39ebb/;2012;1200000;500000;Curtainsider;KOGEL;;;Владимир
;https://auto.ru/trailer/used/sale/meusburger/tentovanniy_polupricep/16635634-7492c48d/;2018;2598000;50000;Curtainsider;MEUSBURGER;M7 TRUCK Москва Юг;;Москва
S01;https://auto.ru/trailer/used/sale/schmitz_cargobull/s01/16640034-beceb8f6/;2008;800000;900000;Curtainsider;SCHMITZ CARGOBULL;M7 TRUCK Уфа;;Авдон
SDR 27;https://auto.ru/trailer/used/sale/krone/sdr_27/16644346-108ec77b/;2004;900000;;Refrigerator;KRONE;;;Новосибирск
SD;https://auto.ru/trailer/used/sale/krone/sd/16596308-32b38477/;2012;2500000;;Refrigerator;KRONE;ГРУЗ СОЮЗ;Цена с НДС;Москва
S01;https://auto.ru/trailer/used/sale/schmitz_cargobull/s01/16644396-5b9033ab/;2005;700000;1160813;Curtainsider;SCHMITZ CARGOBULL;ООО ИТЕКО Россия;Цена с НДС;Нижний Новгород
SDP 27;https://auto.ru/trailer/used/sale/krone/sdp_27/16646130-51e8915e/;2011;900000;700000;Curtainsider;KRONE;M7 TRUCK Набережные Челны;;Набережные Челны
SD;https://auto.ru/trailer/used/sale/krone/sd/16637834-dc906395/;2007;600000;100000;Platform;KRONE;;;Санкт-Петербург
SPR;https://auto.ru/trailer/used/sale/schmitz_cargobull/spr/16517118-739c38fd/;2012;900000;299000;Curtainsider;SCHMITZ CARGOBULL;ТРАК ПЛАТФОРМА;Цена с НДС;Люберцы
NS;https://auto.ru/trailer/used/sale/wielton/ns/16522050-0b2fdb08/;2004;899000;;Refrigerator;WIELTON;ООО Кварта-Трейд;;Ростов-на-Дону
9746;https://auto.ru/trailer/used/sale/tonar/9746/16604482-35700492/;2008;490000;1027000;Platform;TONAR;;;Москва
SKO;https://auto.ru/trailer/used/sale/schmitz_cargobull/sko/16456202-8f113240/;2010;2140000;;Refrigerator;SCHMITZ CARGOBULL;Юнион КРОНЕ Кимовск;;Кимовск
SKO;https://auto.ru/trailer/used/sale/schmitz_cargobull/sko/16639056-b3403acd/;2018;4680000;;Refrigerator;SCHMITZ CARGOBULL;ClassTrucks;;Москва
SKO;https://auto.ru/trailer/used/sale/schmitz_cargobull/sko/16630684-00b16dd8/;2018;4720000;;Refrigerator;SCHMITZ CARGOBULL;ClassTrucks;;Москва
SDR 27;https://auto.ru/trailer/used/sale/krone/sdr_27/16320616-1ba9a3cf/;2003;1550000;600000;Refrigerator;KRONE;;;Тында
SN24;https://auto.ru/trailer/used/sale/kogel/sn24/16593404-4f26658f/;2011;950000;298000;Curtainsider;KOGEL;Транспортная компания РОЗ-ГРУЗ;;Люберцы
SPR;https://auto.ru/trailer/used/sale/schmitz_cargobull/spr/16637626-17be72e6/;2007;555000;;Platform;SCHMITZ CARGOBULL;КОМПАНИЯ АВТОМОБИЛИЯ;;Ярославль
SKO;https://auto.ru/trailer/used/sale/schmitz_cargobull/sko/16639992-5f3581ef/;2018;4690000;;Refrigerator;SCHMITZ CARGOBULL;ClassTrucks;;Москва
SPR;https://auto.ru/trailer/used/sale/schmitz_cargobull/spr/16636332-48523a3d/;2006;670000;700000;Curtainsider;SCHMITZ CARGOBULL;;;Челябинск
S01;https://auto.ru/trailer/used/sale/schmitz_cargobull/s01/16243196-16fcdafd/;2007;820000;10000;Curtainsider;SCHMITZ CARGOBULL;Global Truck Sales Москва Север;;Зеленоград
Cool Liner;https://auto.ru/trailer/used/sale/krone/cool_liner/16622524-c1e75965/;2013;2790000;680000;Curtainsider;KRONE;Триера Трак;Цена с НДС;Дубровки
9746;https://auto.ru/trailer/used/sale/tonar/9746/16396076-c7784607/;2008;700000;700000;Curtainsider;TONAR;;;Ижевск
SKO;https://auto.ru/trailer/used/sale/schmitz_cargobull/sko/16570608-d150786d/;2019;5422216;230000;Refrigerator;SCHMITZ CARGOBULL;ГРИН ЛАЙН;;Смоленск
SCS;https://auto.ru/trailer/used/sale/schmitz_cargobull/scs/16634858-37389d4d/;2019;2557053;41122;Curtainsider;SCHMITZ CARGOBULL;Шмитц Каргобулл Руссланд;Цена с НДС;Москва
SD;https://auto.ru/trailer/used/sale/krone/sd/16545462-c1fa4774/;2006;600000;400;Platform;KRONE;;;Казань
SKO;https://auto.ru/trailer/used/sale/schmitz_cargobull/sko/16545974-6140a50b/;2010;1780000;524614;Refrigerator;SCHMITZ CARGOBULL;ББС ГРУПП;;Мытищи
SKO;https://auto.ru/trailer/used/sale/schmitz_cargobull/sko/16165350-f5da9bf3/;2018;5060000;200000;Refrigerator;SCHMITZ CARGOBULL;АЙС КУБ;;Солнечногорск
S01;https://auto.ru/trailer/used/sale/schmitz_cargobull/s01/15990340-79e02065/;2008;795000;;Platform;SCHMITZ CARGOBULL;;;Брянск
SD;https://auto.ru/trailer/used/sale/krone/sd/16388140-c0ff0992/;2009;2500000;300000;Refrigerator;KRONE;АвтоБан;;Москва
SN24;https://auto.ru/trailer/used/sale/kogel/sn24/16582466-56455d0f/;2006;650000;;Curtainsider;KOGEL;;;Архангельск
SD;https://auto.ru/trailer/used/sale/krone/sd/16636654-1397e214/;2011;2150000;;Refrigerator;KRONE;ГРУЗ СОЮЗ;;Москва
SN24;https://auto.ru/trailer/used/sale/kogel/sn24/15818390-55fc7c2f/;2012;820000;200;Platform;KOGEL;;;Брянск
SKO;https://auto.ru/trailer/used/sale/schmitz_cargobull/sko/16630734-431a1c99/;2017;4310000;;Refrigerator;SCHMITZ CARGOBULL;ClassTrucks;;Тосно
SD;https://auto.ru/trailer/used/sale/krone/sd/16628516-a8971512/;2018;4200000;;Refrigerator;KRONE;Global Truck Sales Екатеринбург;Цена с НДС;Екатеринбург
S01;https://auto.ru/trailer/used/sale/schmitz_cargobull/s01/16643746-5462e291/;2010;1050000;333000;Curtainsider;SCHMITZ CARGOBULL;Группа Милан;Цена с НДС;Санкт-Петербург
SD;https://auto.ru/trailer/used/sale/krone/sd/16583764-dafcf43e/;2016;1890000;50;Curtainsider;KRONE;Юнион КРОНЕ Кимовск;;Кимовск
SKO;https://auto.ru/trailer/used/sale/schmitz_cargobull/sko/16409802-ef64f1e2/;2015;3290000;500;Refrigerator;SCHMITZ CARGOBULL;;;Москва
Profi Liner;https://auto.ru/trailer/used/sale/krone/profi_liner/16638550-30c70fdd/;2017;2300000;100000;Curtainsider;KRONE;;;Йошкар-Ола
SDR 27;https://auto.ru/trailer/used/sale/krone/sdr_27/16640118-3156375f/;2007;1680000;;Refrigerator;KRONE;Агроводпром;;Барнаул
SDP 27;https://auto.ru/trailer/used/sale/krone/sdp_27/16587244-29262a1d/;2008;840000;;Curtainsider;KRONE;Global Truck Sales Екатеринбург;Цена с НДС;Екатеринбург
SKO;https://auto.ru/trailer/used/sale/schmitz_cargobull/sko/16441606-a78245e6/;2017;4150000;500000;Refrigerator;SCHMITZ CARGOBULL;"ООО ""РЕД СТАР"" МАЗ Смоленск";;Смоленск
SKO;https://auto.ru/trailer/used/sale/schmitz_cargobull/sko/16645504-1e2d696c/;2017;4700000;120000;Refrigerator;SCHMITZ CARGOBULL;АГТ-Трейдинг;;Москва
9988;https://auto.ru/trailer/used/sale/tonar/9988/16382606-5cc8d3f8/;2015;740000;;Curtainsider;TONAR;;;Набережные Челны
SKO;https://auto.ru/trailer/used/sale/schmitz_cargobull/sko/16620762-a852dcca/;2010;2300000;50;Refrigerator;SCHMITZ CARGOBULL;Юнион КРОНЕ Кимовск;Цена с НДС;Кимовск
SKO;https://auto.ru/trailer/used/sale/schmitz_cargobull/sko/16511200-6e4cec89/;2018;5150247;300000;Refrigerator;SCHMITZ CARGOBULL;АЙС КУБ;Цена с НДС;Солнечногорск
AZW 18;https://auto.ru/trailer/used/sale/krone/azw/16505354-e6103cb8/;2004;450000;;Platform;KRONE;ГРУЗ СОЮЗ;;Москва
SN24;https://auto.ru/trailer/used/sale/kogel/sn24/16599312-2223aea2/;2004;390000;;Platform;KOGEL;PRO АВТО;;Люберцы
SKO;https://auto.ru/trailer/used/sale/schmitz_cargobull/sko/16478176-42720ca8/;2018;4500000;290000;Refrigerator;SCHMITZ CARGOBULL;ГРИН ЛАЙН;;Смоленск
SPR;https://auto.ru/trailer/used/sale/schmitz_cargobull/spr/16551130-540291b7/;2007;840000;1050;Curtainsider;SCHMITZ CARGOBULL;;;Железногорск
SD;https://auto.ru/trailer/used/sale/krone/sd/16568654-95ba3516/;2008;850000;;Curtainsider;KRONE;GROSS AUTO;Цена с НДС;Москва
SD;https://auto.ru/trailer/used/sale/krone/sd/16628960-1392b4cb/;2009;950000;100000;Platform;KRONE;;;Брянск
SCS Mega;https://auto.ru/trailer/used/sale/schmitz_cargobull/scs_mega/16640328-5d352dbe/;2013;1340000;450000;Curtainsider;SCHMITZ CARGOBULL;ООО Группа Авто;Цена с НДС;Рязань
SN24;https://auto.ru/trailer/used/sale/kogel/sn24/16635630-21f69865/;2011;850000;399000;Curtainsider;KOGEL;ТРАК ПЛАТФОРМА;;Люберцы
SW24;https://auto.ru/trailer/used/sale/kogel/sw24/16488906-c15445ea/;2011;2400000;500000;Refrigerator;KOGEL;;;Новороссийск
NS;https://auto.ru/trailer/used/sale/wielton/ns/16621166-f003e511/;2010;1050000;880000;Curtainsider;WIELTON;;;Белгород
S01;https://auto.ru/trailer/used/sale/schmitz_cargobull/s01/16626650-9b73caad/;2007;675000;600000;Curtainsider;SCHMITZ CARGOBULL;;;Калуга
NS;https://auto.ru/trailer/used/sale/wielton/ns/16609799-6260b738/;2012;1600000;230000;Refrigerator;WIELTON;Лаки Логистик;;Москва
SCS;https://auto.ru/trailer/used/sale/schmitz_cargobull/scs/16594310-d6e6994a/;2019;2630000;70000;Curtainsider;SCHMITZ CARGOBULL;CargoLine group;Цена с НДС;Ольша
SD;https://auto.ru/trailer/used/sale/krone/sd/16635478-c46353e0/;2014;1700000;540000;Curtainsider;KRONE;ТРАНСАЛЬЯНС Москва;Цена с НДС;Солнечногорск
Krone;https://auto.ru/trailer/used/sale/krone/krone/16592030-e036864d/;2010;970000;;Curtainsider;KRONE;;;Самара
SKO;https://auto.ru/trailer/used/sale/schmitz_cargobull/sko/16583290-491b1977/;2015;3700000;350000;Refrigerator;SCHMITZ CARGOBULL;Транзит-Дон Москва;;Москва
9746;https://auto.ru/trailer/used/sale/tonar/9746/16625236-899c16cf/;2018;2300000;;Curtainsider;TONAR;;;Набережные Челны
S01;https://auto.ru/trailer/used/sale/schmitz_cargobull/s01/16330374-1277563d/;2007;950000;;Curtainsider;SCHMITZ CARGOBULL;;;Каменка
SCS;https://auto.ru/trailer/used/sale/schmitz_cargobull/scs/16600328-2f85ed93/;2015;1399777;600000;Curtainsider;SCHMITZ CARGOBULL;ТТ777;Цена с НДС;Москва
SD;https://auto.ru/trailer/used/sale/krone/sd/16487098-4d5d2f8a/;2008;870000;;Curtainsider;KRONE;;;Санкт-Петербург
Cool Liner;https://auto.ru/trailer/used/sale/krone/cool_liner/16605061-be36694e/;2011;2549000;200000;Refrigerator;KRONE;M7 TRUCK Москва Юг;;Москва
S01;https://auto.ru/trailer/used/sale/schmitz_cargobull/s01/16405298-d82e728a/;2010;1270000;;Curtainsider;SCHMITZ CARGOBULL;;;Каменка
SN24;https://auto.ru/trailer/used/sale/kogel/sn24/16628140-0e3a7658/;2018;2650000;58000;Curtainsider;KOGEL;Триера Трак;Цена с НДС;Дубровки
Krone;https://auto.ru/trailer/used/sale/krone/krone/15648260-fd8bcc3e/;2011;1950000;600000;Refrigerator;KRONE;;;Смоленск
SD;https://auto.ru/trailer/used/sale/krone/sd/16371840-51205056/;2011;1920000;600;Refrigerator;KRONE;;;Бийск
SKO;https://auto.ru/trailer/used/sale/schmitz_cargobull/sko/16627028-58b81485/;2016;3800000;500000;Curtainsider;SCHMITZ CARGOBULL;;;Москва
SDP 27;https://auto.ru/trailer/used/sale/krone/sdp_27/16623296-378d8637/;2005;650000;;Curtainsider;KRONE;;;Орёл
SN24;https://auto.ru/trailer/used/sale/kogel/sn24/16543758-1b359da7/;2015;1700000;579000;Platform;KOGEL;ТРАНСАЛЬЯНС Москва;Цена с НДС;Солнечногорск
SN24;https://auto.ru/trailer/used/sale/kogel/sn24/16416437-25df3ded/;2011;900000;299000;Curtainsider;KOGEL;ТРАК ПЛАТФОРМА;Цена с НДС;Люберцы
S24;https://auto.ru/trailer/used/sale/kogel/s24/16402182-0f479964/;2018;1990000;145000;Curtainsider;KOGEL;БорнТракСервис;;Москва
Cool Liner;https://auto.ru/trailer/used/sale/krone/cool_liner/16518448-3c9ed26a/;2012;2660000;480000;Refrigerator;KRONE;Триера Трак;Цена с НДС;Дубровки
SN24;https://auto.ru/trailer/used/sale/kogel/sn24/16578788-481ebcd2/;2013;1350000;;Curtainsider;KOGEL;Global Truck Sales Екатеринбург;;Екатеринбург
SDP 27;https://auto.ru/trailer/used/sale/krone/sdp_27/15727945-4ad7586c/;2007;700000;;Curtainsider;KRONE;;;Псков
SKO;https://auto.ru/trailer/used/sale/schmitz_cargobull/sko/16478068-5c7377cc/;2017;4155000;510000;Refrigerator;SCHMITZ CARGOBULL;ГРИН ЛАЙН;;Смоленск
SD;https://auto.ru/trailer/used/sale/krone/sd/16496778-b61aa88f/;2018;4100000;;Refrigerator;KRONE;Технический центр Восток;;Всеволожск
NS ST;https://auto.ru/trailer/used/sale/wielton/ns_st/16446449-07375e0c/;2004;500000;;Curtainsider;WIELTON;;;Конаково
SD;https://auto.ru/trailer/used/sale/krone/sd/16446167-be48df77/;2013;3200000;;Refrigerator;KRONE;;;Муром
Krone;https://auto.ru/trailer/used/sale/krone/krone/16596306-10eda0ee/;2005;570000;;Platform;KRONE;Форсаж;;Котельники
SDR 27;https://auto.ru/trailer/used/sale/krone/sdr_27/16470150-a8056e70/;2004;890000;;Refrigerator;KRONE;SAEM-truck;Цена с НДС;Барнаул
SKO;https://auto.ru/trailer/used/sale/schmitz_cargobull/sko/16602978-3da103a7/;2002;900000;;Refrigerator;SCHMITZ CARGOBULL;Global Truck Sales Екатеринбург;;Екатеринбург
S24;https://auto.ru/trailer/used/sale/kogel/s24/16509588-1cb50cd6/;2014;2720000;500000;Refrigerator;KOGEL;AVTOKOMMERZ-TRUCKS;;Михнево
S24;https://auto.ru/trailer/used/sale/kogel/s24/16611968-ff007af7/;2007;810000;;Curtainsider;KOGEL;ГРУЗ СОЮЗ;;Москва
SD;https://auto.ru/trailer/used/sale/krone/sd/16640006-4f48baa7/;2012;1280000;680000;Curtainsider;KRONE;Триера Трак;Цена с НДС;Дубровки
SCS;https://auto.ru/trailer/used/sale/schmitz_cargobull/scs/16604620-a1e52614/;2011;1200000;;Curtainsider;SCHMITZ CARGOBULL;M7 TRUCK Набережные Челны;;Набережные Челны
